map,tick,weapon,speed_at_fire,speed_native_check,speed_at_fire_window,shots_fired,is_first_bullet,is_first_bullet_old,is_scoped,duck_at_fire,is_airborne,in_warmup,in_freeze,weapon_max_speed,accuracy_threshold,speed_ratio,margin_to_threshold,rifle_accurate,is_headline_rifle,local_ms,mouse1_ms,residual_ms,w_max_pre,a_max_pre,s_max_pre,d_max_pre,gap_ms,overlap_ms,sync_ok,ws_involved,ad_involved,input_class,residual_slope_ms,t_demo_s,t_csi_s
de_mirage,1927,weapon_glock,153.6,180.1,109.2,1,True,True,False,0.0,False,False,False,240.0,81.6,0.64,-72.0,,False,56115.9,,,65535,0,0,65535,,,False,True,True,SYNC_UNCERTAIN,,30.109375,
de_mirage,1942,weapon_glock,150.7,141.9,51.0,1,True,False,False,0.0,False,False,False,240.0,81.6,0.628,-69.1,,False,56350.2,56708.2,358.0,65535,65535,0,65535,60.0,0.0,False,True,True,SYNC_UNCERTAIN,227.1,30.34375,56.7082
de_mirage,1958,weapon_glock,97.7,84.0,36.0,1,True,False,False,0.0,False,False,False,240.0,81.6,0.407,-16.1,,False,56600.2,56708.2,108.0,65535,65535,0,65535,60.0,0.0,False,True,True,SYNC_UNCERTAIN,-22.8,30.59375,56.7082
de_mirage,1972,weapon_glock,31.0,58.1,90.2,1,True,False,False,0.0,False,False,False,240.0,81.6,0.129,50.6,,False,56819.0,56708.2,-110.8,65535,65535,0,65535,,,False,True,True,SYNC_UNCERTAIN,-241.6,30.8125,56.7082
de_mirage,1983,weapon_glock,98.8,85.1,32.6,1,True,False,False,0.0,False,False,False,240.0,81.6,0.412,-17.2,,False,56990.9,56950.4,-40.4,0,65535,0,65535,0.0,24.0,False,False,True,SYNC_UNCERTAIN,-171.2,30.984375,56.9504
de_mirage,1994,weapon_glock,40.1,25.9,21.6,1,True,False,False,0.0,False,False,False,240.0,81.6,0.167,41.5,,False,57162.8,57197.6,34.9,0,65535,0,65535,,,False,False,True,SYNC_UNCERTAIN,-95.9,31.15625,57.1976
de_mirage,2010,weapon_glock,57.7,43.6,8.1,1,True,False,False,0.0,False,False,False,240.0,81.6,0.24,23.9,,False,57412.8,57414.9,2.1,0,65535,0,65535,,,True,False,True,RELEASE_NO_COUNTER,-128.6,31.40625,57.4149
de_mirage,2024,weapon_glock,84.0,69.8,7.2,1,True,False,False,0.0,False,False,False,240.0,81.6,0.35,-2.4,,False,57631.5,57593.5,-38.0,0,65535,0,65535,,,False,False,True,SYNC_UNCERTAIN,-168.7,31.625,57.5935
de_mirage,2077,weapon_glock,240.0,240.0,150.7,1,True,False,False,0.0,False,False,False,240.0,81.6,1.0,-158.4,,False,58459.6,58233.2,-226.4,0,65535,0,65535,,,False,False,True,SYNC_UNCERTAIN,-357.0,32.453125,58.2332
de_mirage,2097,weapon_glock,43.7,29.6,1.6,1,True,False,False,0.0,False,False,False,240.0,81.6,0.182,37.9,,False,58772.1,59057.5,285.4,65535,0,0,65535,,,False,True,True,SYNC_UNCERTAIN,154.8,32.765625,59.0575
de_mirage,2219,weapon_glock,197.7,202.4,163.2,1,True,True,False,0.0,False,False,False,240.0,81.6,0.824,-116.1,,False,60678.4,,,65535,0,0,65535,,,False,True,True,SYNC_UNCERTAIN,,34.671875,
de_mirage,2237,weapon_glock,134.7,167.6,78.4,1,True,False,False,0.0,False,False,False,240.0,81.6,0.561,-53.1,,False,60959.6,61268.8,309.2,65535,0,0,65535,,,False,True,True,SYNC_UNCERTAIN,178.8,34.953125,61.268800000000006
de_mirage,2267,weapon_glock,172.7,168.3,146.4,1,True,False,False,0.0,False,False,False,240.0,81.6,0.72,-91.1,,False,61428.4,61562.2,133.8,65535,65535,0,65535,28.0,0.0,False,True,True,SYNC_UNCERTAIN,3.5,35.421875,61.5622
de_mirage,2285,weapon_glock,220.7,221.8,185.5,1,True,False,False,0.0,False,False,False,240.0,81.6,0.919,-139.1,,False,61709.6,61562.2,-147.4,65535,65535,0,65535,,,False,True,True,SYNC_UNCERTAIN,-277.7,35.703125,61.5622
de_mirage,2314,weapon_glock,200.6,196.5,162.4,1,True,False,False,0.0,False,False,False,240.0,81.6,0.836,-119.0,,False,62162.8,62021.9,-140.9,65535,65535,0,65535,0.0,15.0,False,True,True,SYNC_UNCERTAIN,-271.1,36.15625,62.0219
de_mirage,2336,weapon_glock,22.6,6.3,83.9,1,True,False,False,0.0,False,False,False,240.0,81.6,0.094,59.0,,False,62506.5,62312.6,-193.9,65535,65535,0,65535,,,False,True,True,SYNC_UNCERTAIN,-324.2,36.5,62.312599999999996
de_mirage,2361,weapon_glock,43.9,30.0,70.5,1,True,False,False,0.0,False,False,False,240.0,81.6,0.183,37.7,,False,62897.1,62751.6,-145.5,65535,0,0,65535,,,False,True,True,SYNC_UNCERTAIN,-275.7,36.890625,62.751599999999996
de_mirage,5283,weapon_galilar,10.7,4.2,69.8,1,True,True,False,0.0,False,False,False,215.0,73.1,0.05,62.4,True,True,108553.4,,,0,65535,31198,65535,,,False,True,True,SYNC_UNCERTAIN,,82.546875,
de_mirage,13030,weapon_galilar,38.6,63.6,40.4,1,True,True,False,0.0,False,False,False,215.0,73.1,0.18,34.5,True,True,229600.2,,,0,65535,0,65535,,,False,False,True,SYNC_UNCERTAIN,,203.59375,
de_mirage,13051,weapon_galilar,52.7,78.1,55.9,1,True,False,False,0.0,False,False,False,215.0,73.1,0.245,20.4,True,True,229928.4,230135.8,207.5,0,0,29020,65535,,,False,True,True,SYNC_UNCERTAIN,92.2,203.921875,230.1358
de_mirage,13112,weapon_galilar,79.3,67.4,18.0,1,True,False,False,0.0,False,False,False,215.0,73.1,0.369,-6.2,False,True,230881.5,,,0,0,0,65535,,,False,False,True,SYNC_UNCERTAIN,,204.875,
de_mirage,13197,weapon_galilar,39.6,64.6,37.9,1,True,False,False,0.0,False,False,False,215.0,73.1,0.184,33.5,True,True,232209.6,,,0,0,0,65535,,,False,False,True,SYNC_UNCERTAIN,,206.203125,
de_mirage,13512,weapon_galilar,71.3,80.5,71.5,1,True,True,False,0.0,False,False,False,215.0,73.1,0.331,1.8,True,True,237131.5,,,65535,10762,0,65535,,,False,True,True,SYNC_UNCERTAIN,,211.125,
de_mirage,14048,weapon_glock,240.0,240.0,237.4,1,True,True,False,0.0,False,False,False,240.0,81.6,1.0,-158.4,,False,245506.5,,,0,0,65535,65535,,,False,True,True,SYNC_UNCERTAIN,,219.5,
de_mirage,14261,weapon_ak47,60.2,48.2,50.1,1,True,True,False,0.0,False,False,False,215.0,73.1,0.28,12.9,True,True,248834.6,,,0,65535,0,65535,,,False,False,True,SYNC_UNCERTAIN,,222.828125,
de_mirage,14344,weapon_ak47,6.4,14.7,16.3,1,True,False,False,0.0,False,False,False,215.0,73.1,0.03,66.7,True,True,250131.5,,,0,65535,0,0,,,False,False,True,SYNC_UNCERTAIN,,224.125,
de_mirage,14416,weapon_ak47,53.8,79.3,43.3,1,True,False,False,0.0,False,False,False,215.0,73.1,0.25,19.3,True,True,251256.5,,,0,65535,0,0,,,False,False,True,SYNC_UNCERTAIN,,225.25,
de_mirage,14454,weapon_ak47,0.0,4.3,33.1,1,True,False,False,0.0,False,False,False,215.0,73.1,0.0,73.1,True,True,251850.2,251782.0,-68.3,0,65535,0,65535,,,False,False,True,SYNC_UNCERTAIN,-181.5,225.84375,251.782
de_mirage,14507,weapon_ak47,0.0,0.0,0.0,1,True,False,False,0.0,False,False,False,215.0,73.1,0.0,73.1,True,True,252678.4,252362.6,-315.8,0,65535,0,65535,,,False,False,True,SYNC_UNCERTAIN,-428.9,226.671875,252.36260000000001
de_mirage,14530,weapon_ak47,0.0,0.0,0.0,1,True,False,False,0.0,False,False,False,215.0,73.1,0.0,73.1,True,True,253037.8,253200.8,163.1,0,65535,0,65535,10.0,0.0,False,False,True,SYNC_UNCERTAIN,49.9,227.03125,253.2008
de_mirage,14775,weapon_ak47,110.5,140.3,116.4,1,True,True,False,0.0,False,False,False,215.0,73.1,0.514,-37.4,False,True,256865.9,,,65535,0,0,65535,,,False,True,True,SYNC_UNCERTAIN,,230.859375,
de_mirage,14899,weapon_ak47,0.0,0.0,56.1,1,True,True,False,0.0,False,False,False,215.0,73.1,0.0,73.1,True,True,258803.4,,,0,65535,0,65535,0.0,0.0,False,False,True,SYNC_UNCERTAIN,,232.796875,
de_mirage,18970,weapon_ak47,39.1,61.7,87.0,1,True,True,False,0.0,False,False,False,215.0,73.1,0.182,34.0,True,True,322412.8,,,0,0,65535,65535,,,False,True,True,SYNC_UNCERTAIN,,296.40625,
de_mirage,24017,weapon_awp,11.5,9.3,41.0,1,True,True,False,0.0,False,False,False,200.0,68.0,0.057,56.5,,False,401272.1,,,55477,65535,0,65535,,,False,True,True,SYNC_UNCERTAIN,,375.265625,
de_mirage,33003,weapon_tec9,231.4,230.7,228.0,1,True,True,False,0.0,False,False,False,240.0,81.6,0.964,-149.8,,False,541678.4,541969.7,291.3,65535,65535,0,65535,0.0,0.0,False,True,True,SYNC_UNCERTAIN,204.2,515.671875,541.9697
de_mirage,39562,weapon_ak47,96.6,95.0,95.5,1,True,True,False,0.0,False,False,False,215.0,73.1,0.449,-23.5,False,True,644162.8,644501.0,338.3,0,65535,0,65535,0.0,23.0,False,False,True,SYNC_UNCERTAIN,260.3,618.15625,644.501
de_mirage,42586,weapon_ak47,73.1,73.1,44.8,1,True,True,False,1.0,False,False,False,215.0,73.1,0.34,-0.0,False,True,691412.8,691735.6,322.9,0,0,0,65535,,,False,False,True,SYNC_UNCERTAIN,249.2,665.40625,691.7356
de_mirage,44609,weapon_awp,0.0,0.0,70.4,1,True,True,False,0.0,False,False,False,200.0,68.0,0.0,68.0,,False,723022.1,723337.7,315.5,65535,0,0,65535,,,False,True,True,SYNC_UNCERTAIN,244.7,697.015625,723.3376999999999
de_mirage,46839,weapon_deagle,9.1,10.0,41.4,1,True,True,False,0.0,False,False,False,230.0,78.2,0.039,69.1,,False,757865.9,758157.5,291.6,0,65535,0,65535,,,False,False,True,SYNC_UNCERTAIN,223.9,731.859375,758.1575
de_mirage,47826,weapon_deagle,48.9,35.6,66.6,1,True,True,False,0.0,False,False,False,230.0,78.2,0.212,29.3,,False,773287.8,773574.9,287.1,63933,65535,0,65535,1.0,33.0,False,True,True,SYNC_UNCERTAIN,220.8,747.28125,773.5749000000001
de_mirage,53661,weapon_ak47,163.0,157.3,77.7,1,True,True,False,0.0,False,False,False,215.0,73.1,0.758,-89.9,False,True,864459.6,864702.0,242.4,65535,65535,0,65535,,,False,True,True,SYNC_UNCERTAIN,184.3,838.453125,864.702
de_mirage,53750,weapon_ak47,182.9,180.4,160.3,1,True,False,False,0.0,False,False,False,215.0,73.1,0.851,-109.8,False,True,865850.2,866089.7,239.4,65535,65535,0,1281,,,False,True,True,SYNC_UNCERTAIN,181.5,839.84375,866.0897
de_mirage,56007,weapon_deagle,1.6,0.0,117.6,1,True,True,False,0.0,False,False,False,230.0,78.2,0.007,76.6,,False,901115.9,901339.7,223.8,0,65535,0,0,,,False,False,True,SYNC_UNCERTAIN,169.0,875.109375,901.3397
de_mirage,56037,weapon_deagle,78.2,78.2,85.5,1,True,False,False,1.0,False,False,False,230.0,78.2,0.34,-0.0,,False,901584.6,901801.0,216.4,0,65535,0,65535,2.0,0.0,False,False,True,SYNC_UNCERTAIN,161.6,875.578125,901.801
de_mirage,56070,weapon_deagle,78.2,78.2,75.8,1,True,False,False,1.0,False,False,False,230.0,78.2,0.34,-0.0,,False,902100.2,902320.0,219.8,0,65535,0,0,,,False,False,True,SYNC_UNCERTAIN,165.0,876.09375,902.32
de_mirage,56103,weapon_deagle,51.0,50.6,50.4,1,True,False,False,1.0,False,False,False,230.0,78.2,0.222,27.2,,False,902615.9,902827.7,211.9,65535,65535,0,0,,,False,True,True,SYNC_UNCERTAIN,157.1,876.609375,902.8276999999999
de_mirage,56133,weapon_deagle,68.7,67.9,62.7,1,True,False,False,1.0,False,False,False,230.0,78.2,0.298,9.5,,False,903084.6,903302.7,218.1,65535,0,0,65535,,,False,True,True,SYNC_UNCERTAIN,163.4,877.078125,903.3027
de_mirage,56544,weapon_deagle,78.2,78.2,65.8,1,True,True,False,1.0,False,False,False,230.0,78.2,0.34,-0.0,,False,909506.5,909723.3,216.8,65535,0,0,65535,,,False,True,True,SYNC_UNCERTAIN,162.7,883.5,909.7233
de_mirage,56562,weapon_deagle,26.5,25.7,29.1,1,True,False,False,1.0,False,False,False,230.0,78.2,0.115,51.7,,False,909787.8,909723.3,-64.4,65535,0,0,65535,,,False,True,True,SYNC_UNCERTAIN,-118.5,883.78125,909.7233
de_mirage,65267,weapon_mac10,223.6,223.6,202.4,1,True,True,False,0.0,True,False,False,240.0,81.6,0.932,-142.0,,False,1045803.4,1045955.7,152.4,65535,65535,0,65535,0.0,20.0,False,True,True,SYNC_UNCERTAIN,110.5,1019.796875,1045.9557
de_mirage,65335,weapon_mac10,240.0,240.0,205.2,1,True,False,False,0.0,False,False,False,240.0,81.6,1.0,-158.4,,False,1046865.9,1047006.4,140.6,65535,65535,0,0,,,False,True,True,SYNC_UNCERTAIN,98.8,1020.859375,1047.0064
de_mirage,65436,weapon_mac10,240.0,240.0,236.3,1,True,False,False,0.0,False,False,False,240.0,81.6,1.0,-158.4,,False,1048444.0,1048611.5,167.5,65535,0,0,65535,,,False,True,True,SYNC_UNCERTAIN,125.9,1022.4375,1048.6115
de_mirage,65573,weapon_m4a1_silencer,225.0,225.0,222.6,1,True,True,False,0.0,False,False,False,225.0,76.5,1.0,-148.5,False,True,1050584.6,1050746.0,161.4,65535,65535,0,0,,,False,True,True,SYNC_UNCERTAIN,120.0,1024.578125,1050.746
de_mirage,65597,weapon_m4a1_silencer,214.8,213.9,218.4,1,True,False,False,0.0,False,False,False,225.0,76.5,0.955,-138.3,False,True,1050959.6,1051126.5,166.9,65535,65535,0,24343,,,False,True,True,SYNC_UNCERTAIN,125.5,1024.953125,1051.1265
de_mirage,65622,weapon_m4a1_silencer,219.0,219.0,123.3,1,True,False,False,0.0,False,False,False,225.0,76.5,0.973,-142.5,False,True,1051350.2,1051503.1,152.8,65535,65535,0,0,,,False,True,True,SYNC_UNCERTAIN,111.5,1025.34375,1051.5031000000001
de_mirage,69585,weapon_ak47,79.9,106.4,72.1,1,True,True,False,0.0,False,False,False,215.0,73.1,0.371,-6.8,False,True,1113272.1,1113410.2,138.1,0,0,0,65535,,,False,False,True,SYNC_UNCERTAIN,102.3,1087.265625,1113.4102
de_mirage,69629,weapon_ak47,95.4,83.8,90.2,1,True,False,False,0.0,False,False,False,215.0,73.1,0.444,-22.3,False,True,1113959.6,1114101.5,141.9,0,65535,0,65535,,,False,False,True,SYNC_UNCERTAIN,106.2,1087.953125,1114.1015
de_mirage,69834,weapon_ak47,214.0,215.0,182.3,1,True,True,False,0.0,False,False,False,215.0,73.1,0.995,-140.9,False,True,1117162.8,1117295.6,132.9,65535,0,0,65535,,,False,True,True,SYNC_UNCERTAIN,97.5,1091.15625,1117.2956000000001
de_mirage,69857,weapon_ak47,153.2,152.1,79.1,1,True,False,False,0.0,False,False,False,215.0,73.1,0.712,-80.1,False,True,1117522.1,1117656.0,133.9,65535,65535,0,65535,,,False,True,True,SYNC_UNCERTAIN,98.5,1091.515625,1117.656
de_mirage,74026,weapon_usp_silencer,151.4,142.3,85.1,1,True,True,False,0.0,False,False,False,240.0,81.6,0.631,-69.8,,False,1182662.8,1182773.1,110.4,0,65535,0,65535,,,False,False,True,SYNC_UNCERTAIN,80.9,1156.65625,1182.7731
de_mirage,74044,weapon_usp_silencer,94.4,80.7,77.8,1,True,False,False,0.0,False,False,False,240.0,81.6,0.393,-12.8,,False,1182944.0,1183055.3,111.3,0,65535,0,65535,,,False,False,True,SYNC_UNCERTAIN,81.8,1156.9375,1183.0553
de_mirage,74060,weapon_usp_silencer,79.9,65.8,8.8,1,True,False,False,0.0,False,False,False,240.0,81.6,0.333,1.7,,False,1183194.0,1183294.0,100.0,0,65535,0,65535,,,False,False,True,SYNC_UNCERTAIN,70.6,1157.1875,1183.294
de_mirage,74079,weapon_usp_silencer,41.6,27.4,42.9,1,True,False,False,0.0,False,False,False,240.0,81.6,0.173,40.0,,False,1183490.9,1183598.3,107.4,0,65535,0,65535,11.0,18.0,False,False,True,SYNC_UNCERTAIN,78.0,1157.484375,1183.5983
de_mirage,74096,weapon_usp_silencer,67.4,64.7,31.6,1,True,False,False,0.0,False,False,False,240.0,81.6,0.281,14.2,,False,1183756.5,1183867.0,110.5,0,65535,0,65535,,,False,False,True,SYNC_UNCERTAIN,81.1,1157.75,1183.867
de_mirage,74112,weapon_usp_silencer,94.0,92.2,19.9,1,True,False,False,0.0,False,False,False,240.0,81.6,0.392,-12.4,,False,1184006.5,1184105.5,99.0,0,65535,0,65535,,,False,False,True,SYNC_UNCERTAIN,69.6,1158.0,1184.1055
de_mirage,74137,weapon_usp_silencer,131.9,129.7,88.3,1,True,False,False,0.0,False,False,False,240.0,81.6,0.55,-50.3,,False,1184397.1,1184498.0,100.8,0,65535,0,65535,0.0,11.0,False,False,True,SYNC_UNCERTAIN,71.5,1158.390625,1184.498
de_mirage,74153,weapon_usp_silencer,52.5,38.4,37.1,1,True,False,False,0.0,False,False,False,240.0,81.6,0.219,29.1,,False,1184647.1,1184754.1,107.0,0,65535,0,65535,,,False,False,True,SYNC_UNCERTAIN,77.7,1158.640625,1184.7541
de_mirage,77776,weapon_deagle,0.0,0.0,34.7,1,True,True,False,0.0,False,False,False,230.0,78.2,0.0,78.2,,False,1241256.5,1241327.5,71.0,0,0,0,0,,,False,False,False,SYNC_UNCERTAIN,46.8,1215.25,1241.3275
de_mirage,79303,weapon_deagle,78.2,78.2,78.4,1,True,True,False,1.0,False,False,False,230.0,78.2,0.34,0.0,,False,1265115.9,1265174.0,58.1,0,65535,0,0,,,False,False,True,SYNC_UNCERTAIN,36.0,1239.109375,1265.174
de_mirage,79336,weapon_deagle,11.2,17.7,6.3,1,True,False,False,0.0,False,False,False,230.0,78.2,0.049,67.0,,False,1265631.5,1265696.5,65.0,0,65535,0,65535,3.0,0.0,False,False,True,SYNC_UNCERTAIN,43.0,1239.625,1265.6965
de_mirage,79373,weapon_deagle,44.9,44.4,51.4,1,True,False,False,1.0,False,False,False,230.0,78.2,0.195,33.3,,False,1266209.6,1266272.4,62.8,0,0,0,65535,,,False,False,True,SYNC_UNCERTAIN,40.8,1240.203125,1266.2723999999998
de_mirage,79405,weapon_deagle,61.4,60.6,76.1,1,True,False,False,0.733,False,False,False,230.0,78.2,0.267,16.8,,False,1266709.6,1266769.0,59.3,0,0,0,65535,,,False,False,True,SYNC_UNCERTAIN,37.4,1240.703125,1266.769
de_mirage,79485,weapon_deagle,43.5,31.2,49.0,1,True,True,False,0.0,False,False,False,230.0,78.2,0.189,34.7,,False,1267959.6,1268020.6,61.0,0,65535,0,65535,56.0,0.0,False,False,True,SYNC_UNCERTAIN,39.2,1241.953125,1268.0206
de_mirage,79554,weapon_deagle,67.2,53.9,35.2,1,True,True,False,0.0,False,False,False,230.0,78.2,0.292,11.0,,False,1269037.8,1269101.6,63.8,0,65535,0,65535,,,False,False,True,SYNC_UNCERTAIN,42.1,1243.03125,1269.1016000000002
de_mirage,82373,weapon_deagle,0.0,0.0,41.0,1,True,True,False,0.0,False,False,False,230.0,78.2,0.0,78.2,,False,1313084.6,1313130.9,46.3,0,65535,9225,65535,14.0,0.0,False,True,True,SYNC_UNCERTAIN,28.5,1287.078125,1313.1308999999999
de_mirage,82396,weapon_deagle,7.0,33.2,80.9,1,True,False,False,0.0,False,False,False,230.0,78.2,0.03,71.2,,False,1313444.0,1313479.5,35.5,0,65535,0,65535,,,False,False,True,SYNC_UNCERTAIN,17.8,1287.4375,1313.4795
de_mirage,83122,weapon_deagle,80.9,67.6,35.1,1,True,True,False,0.0,False,False,False,230.0,78.2,0.352,-2.7,,False,1324787.8,1324817.7,29.9,0,65535,0,65535,,,True,False,True,RELEASE_NO_COUNTER,13.2,1298.78125,1324.8177
de_mirage,88183,weapon_m4a1_silencer,122.8,112.6,72.2,1,True,True,False,0.0,False,False,False,225.0,76.5,0.546,-46.3,False,True,1403865.9,1403878.3,12.4,0,65535,0,65535,0.0,46.0,True,False,True,COUNTER_CLEAN,2.8,1377.859375,1403.8783
de_mirage,88219,weapon_m4a1_silencer,84.0,112.5,65.7,1,True,False,False,0.0,False,False,False,225.0,76.5,0.374,-7.5,False,True,1404428.4,1404431.0,2.6,0,65535,0,65535,,,True,False,True,RELEASE_NO_COUNTER,-6.9,1378.421875,1404.431
de_mirage,88516,weapon_m4a1_silencer,206.2,225.0,128.2,1,True,True,False,0.0,False,False,False,225.0,76.5,0.916,-129.7,False,True,1409069.0,1409072.9,3.9,0,65535,0,65535,,,True,False,True,RELEASE_NO_COUNTER,-5.2,1383.0625,1409.0729
de_mirage,88593,weapon_m4a1_silencer,3.0,18.6,83.2,1,True,False,False,0.0,False,False,False,225.0,76.5,0.013,73.5,True,True,1410272.1,1410281.0,8.9,0,65535,0,65535,,,True,False,True,RELEASE_NO_COUNTER,-0.1,1384.265625,1410.281
de_mirage,88719,weapon_m4a1_silencer,0.0,4.7,1.2,1,True,True,False,0.0,False,False,False,225.0,76.5,0.0,76.5,True,True,1412240.9,1412244.0,3.2,0,65535,0,65535,35.0,0.0,True,False,True,COUNTER_CLEAN,-5.7,1386.234375,1412.244
de_mirage,88744,weapon_m4a1_silencer,25.8,9.7,3.1,1,True,False,False,0.0,False,False,False,225.0,76.5,0.114,50.7,True,True,1412631.5,1412630.9,-0.6,0,65535,0,14734,25.0,0.0,True,False,True,COUNTER_CLEAN,-9.4,1386.625,1412.6308999999999
de_mirage,88762,weapon_m4a1_silencer,0.0,6.3,0.7,1,True,False,False,0.0,False,False,False,225.0,76.5,0.0,76.5,True,True,1412912.8,1412905.7,-7.1,0,65535,0,65535,,,True,False,True,RELEASE_NO_COUNTER,-15.8,1386.90625,1412.9057
de_mirage,88861,weapon_m4a1_silencer,23.8,37.7,11.3,1,True,True,False,0.0,False,False,False,225.0,76.5,0.106,52.7,True,True,1414459.6,1414449.9,-9.7,0,65535,14734,65535,25.0,0.0,True,True,True,COUNTER_CLEAN,-18.4,1388.453125,1414.4498999999998
de_mirage,88912,weapon_m4a1_silencer,32.7,58.4,9.0,1,True,False,False,0.0,False,False,False,225.0,76.5,0.145,43.8,True,True,1415256.5,1415251.8,-4.7,0,65535,0,65535,11.0,0.0,True,False,True,COUNTER_CLEAN,-13.3,1389.25,1415.2518
de_mirage,89038,weapon_m4a1_silencer,0.0,0.0,0.0,1,True,True,False,0.0,False,False,False,225.0,76.5,0.0,76.5,True,True,1417225.2,1417232.6,7.3,0,0,0,0,,,True,False,False,STATIONARY,-1.0,1391.21875,1417.2326
de_mirage,89310,weapon_m4a1_silencer,29.8,16.9,10.2,1,True,True,False,0.0,False,False,False,225.0,76.5,0.132,46.7,True,True,1421475.2,1421472.1,-3.1,0,65535,0,65535,,,True,False,True,RELEASE_NO_COUNTER,-11.2,1395.46875,1421.4721000000002
de_mirage,92301,weapon_m4a1_silencer,74.8,102.5,28.9,1,True,True,False,0.0,False,False,False,225.0,76.5,0.332,1.7,True,True,1468209.6,1468193.9,-15.7,0,65535,0,65535,,,True,False,True,RELEASE_NO_COUNTER,-19.5,1442.203125,1468.1939
de_mirage,92487,weapon_m4a1_silencer,92.5,121.7,31.5,1,True,True,False,0.0,False,False,False,225.0,76.5,0.411,-16.0,False,True,1471115.9,1471089.6,-26.3,0,65535,0,65535,,,True,False,True,RELEASE_NO_COUNTER,-29.8,1445.109375,1471.0896
de_mirage,92534,weapon_m4a1_silencer,60.4,86.8,10.4,1,True,False,False,0.0,False,False,False,225.0,76.5,0.268,16.1,True,True,1471850.2,1471816.6,-33.7,0,65535,0,65535,,,False,False,True,SYNC_UNCERTAIN,-37.1,1445.84375,1471.8166
de_mirage,92568,weapon_m4a1_silencer,89.5,87.9,28.8,1,True,False,False,0.0,False,False,False,225.0,76.5,0.398,-13.0,False,True,1472381.5,1472356.8,-24.7,0,65535,0,65535,0.0,0.0,True,False,True,COUNTER_CLEAN,-28.1,1446.375,1472.3568
de_mirage,98196,weapon_m4a1_silencer,56.7,69.0,29.5,1,True,True,False,0.725,False,False,False,225.0,76.5,0.252,19.8,True,True,1560319.0,1560248.2,-70.8,65535,65535,0,65535,,,False,True,True,SYNC_UNCERTAIN,-66.3,1534.3125,1560.2482
de_mirage,99008,weapon_ak47,0.0,8.4,49.3,1,True,True,False,0.0,False,False,False,215.0,73.1,0.0,73.1,True,True,1573006.5,1572931.3,-75.2,0,65535,0,65535,,,False,False,True,SYNC_UNCERTAIN,-69.6,1547.0,1572.9313
de_mirage,99173,weapon_ak47,163.6,175.6,86.7,1,True,True,False,0.0,False,False,False,215.0,73.1,0.761,-90.5,False,True,1575584.6,1575515.9,-68.7,0,65535,0,65535,,,False,False,True,SYNC_UNCERTAIN,-62.9,1549.578125,1575.5158999999999
de_mirage,101179,weapon_m4a1_silencer,74.2,101.7,103.4,1,True,True,False,0.0,False,False,False,225.0,76.5,0.33,2.3,True,True,1606928.4,1606853.5,-74.9,0,65535,0,65535,,,False,False,True,SYNC_UNCERTAIN,-66.2,1580.921875,1606.8535
de_mirage,102272,weapon_m4a1_silencer,2.4,28.2,22.1,1,True,True,False,0.0,False,False,False,225.0,76.5,0.011,74.1,True,True,1624006.5,1624080.3,73.8,0,65535,0,65535,,,False,False,True,SYNC_UNCERTAIN,84.0,1598.0,1624.0803
de_mirage,102282,weapon_m4a1_silencer,0.0,0.0,16.6,1,True,False,False,0.0,False,False,False,225.0,76.5,0.0,76.5,True,True,1624162.8,1624211.5,48.7,0,65535,0,65535,,,False,False,True,SYNC_UNCERTAIN,59.0,1598.15625,1624.2115
de_mirage,102291,weapon_m4a1_silencer,78.0,65.5,15.7,1,True,False,False,0.0,False,False,False,225.0,76.5,0.347,-1.5,False,True,1624303.4,1624211.5,-91.9,0,65535,0,65535,22.0,0.0,False,False,True,SYNC_UNCERTAIN,-81.6,1598.296875,1624.2115
de_mirage,102330,weapon_m4a1_silencer,36.8,36.0,33.7,1,True,False,False,1.0,False,False,False,225.0,76.5,0.164,39.7,True,True,1624912.8,1624831.0,-81.7,0,65535,0,0,,,False,False,True,SYNC_UNCERTAIN,-71.5,1598.90625,1624.831
de_mirage,102526,weapon_m4a1_silencer,20.6,6.4,0.1,1,True,True,False,0.0,False,False,False,225.0,76.5,0.092,55.9,True,True,1627975.2,1627882.6,-92.7,0,65535,0,65535,69.0,30.0,False,False,True,SYNC_UNCERTAIN,-82.1,1601.96875,1627.8826000000001
de_mirage,103143,weapon_m4a1_silencer,179.5,174.4,61.4,1,True,True,False,0.0,False,False,False,225.0,76.5,0.798,-103.0,False,True,1637615.9,1637513.3,-102.6,0,65535,0,65535,,,False,False,True,SYNC_UNCERTAIN,-91.1,1611.609375,1637.5133
de_mirage,104754,weapon_usp_silencer,232.8,232.2,236.9,1,True,True,False,0.0,False,False,False,240.0,81.6,0.97,-151.2,,False,1662787.8,1662688.8,-99.0,65535,65535,0,0,,,False,True,True,SYNC_UNCERTAIN,-85.3,1636.78125,1662.6888000000001
de_mirage,108861,weapon_usp_silencer,240.0,239.5,232.1,1,True,True,False,0.0,False,False,False,240.0,81.6,1.0,-158.4,,False,1726959.6,1726834.7,-125.0,65535,65535,0,0,,,False,True,True,SYNC_UNCERTAIN,-105.5,1700.953125,1726.8346999999999
de_mirage,109186,weapon_ak47,0.7,6.4,3.0,1,True,True,False,1.0,False,False,False,215.0,73.1,0.003,72.4,True,True,1732037.8,1731902.5,-135.3,0,65535,0,65535,13.0,49.0,False,False,True,SYNC_UNCERTAIN,-115.3,1706.03125,1731.9025
de_mirage,109236,weapon_ak47,0.0,0.0,0.5,1,True,False,False,1.0,False,False,False,215.0,73.1,0.0,73.1,True,True,1732819.0,1732688.1,-130.9,0,65535,0,65535,,,False,False,True,SYNC_UNCERTAIN,-110.9,1706.8125,1732.6881
de_mirage,109284,weapon_ak47,1.5,8.0,2.3,1,True,False,False,1.0,False,False,False,215.0,73.1,0.007,71.6,True,True,1733569.0,1733430.6,-138.4,65535,65535,0,65535,,,False,True,True,SYNC_UNCERTAIN,-118.3,1707.5625,1733.4306000000001
de_mirage,109303,weapon_ak47,11.2,10.4,1.6,1,True,False,False,1.0,False,False,False,215.0,73.1,0.052,61.9,True,True,1733865.9,1733729.2,-136.7,0,65535,0,65535,,,False,False,True,SYNC_UNCERTAIN,-116.6,1707.859375,1733.7292
de_mirage,109322,weapon_ak47,0.0,0.0,1.2,1,True,False,False,1.0,False,False,False,215.0,73.1,0.0,73.1,True,True,1734162.8,1734034.9,-127.9,0,65535,0,65535,,,False,False,True,SYNC_UNCERTAIN,-107.7,1708.15625,1734.0348999999999
de_mirage,109344,weapon_ak47,7.7,3.7,1.2,1,True,False,False,1.0,False,False,False,215.0,73.1,0.036,65.4,True,True,1734506.5,1734370.7,-135.8,0,65535,0,65535,3.0,0.0,False,False,True,SYNC_UNCERTAIN,-115.7,1708.5,1734.3707
de_mirage,109362,weapon_ak47,4.2,3.4,0.7,1,True,False,False,1.0,False,False,False,215.0,73.1,0.019,68.9,True,True,1734787.8,1734897.6,109.8,0,65535,0,65535,,,False,False,True,SYNC_UNCERTAIN,130.0,1708.78125,1734.8976
de_mirage,109378,weapon_ak47,6.5,0.9,3.1,1,True,False,False,1.0,False,False,False,215.0,73.1,0.03,66.6,True,True,1735037.8,1734897.6,-140.2,0,65535,0,65535,,,False,False,True,SYNC_UNCERTAIN,-120.0,1709.03125,1734.8976
de_mirage,109397,weapon_ak47,8.7,7.9,2.6,1,True,False,False,1.0,False,False,False,215.0,73.1,0.04,64.4,True,True,1735334.6,1735445.1,110.5,0,65535,0,65535,8.0,0.0,False,False,True,SYNC_UNCERTAIN,130.7,1709.328125,1735.4451000000001
de_mirage,109413,weapon_ak47,1.5,0.0,0.1,1,True,False,False,1.0,False,False,False,215.0,73.1,0.007,71.6,True,True,1735584.6,1735703.3,118.7,0,65535,0,65535,21.0,0.0,False,False,True,SYNC_UNCERTAIN,138.9,1709.578125,1735.7033000000001
de_mirage,109429,weapon_ak47,7.4,7.5,0.4,1,True,False,False,1.0,False,False,False,215.0,73.1,0.034,65.7,True,True,1735834.6,1735928.2,93.6,0,65535,0,65535,36.0,0.0,False,False,True,SYNC_UNCERTAIN,113.8,1709.828125,1735.9282
de_mirage,109444,weapon_ak47,4.9,0.0,5.4,1,True,False,False,1.0,False,False,False,215.0,73.1,0.023,68.2,True,True,1736069.0,1735928.2,-140.8,65535,65535,0,65535,31.0,0.0,False,True,True,SYNC_UNCERTAIN,-120.5,1710.0625,1735.9282
de_mirage,110443,weapon_ak47,45.6,33.6,26.5,1,True,True,False,0.0,False,False,False,215.0,73.1,0.212,27.5,True,True,1751678.4,1751539.0,-139.3,0,65535,0,65535,,,False,False,True,SYNC_UNCERTAIN,-117.7,1725.671875,1751.539
de_mirage,110975,weapon_ak47,116.3,108.0,17.7,1,True,True,False,0.0,False,False,False,215.0,73.1,0.541,-43.2,False,True,1759990.9,1759845.5,-145.4,0,65535,0,65535,12.0,17.0,False,False,True,SYNC_UNCERTAIN,-122.9,1733.984375,1759.8455
de_mirage,111160,weapon_ak47,89.8,98.5,17.6,1,True,True,False,0.0,False,False,False,215.0,73.1,0.418,-16.7,False,True,1762881.5,1762725.0,-156.5,0,65535,0,65535,,,False,False,True,SYNC_UNCERTAIN,-133.8,1736.875,1762.725
de_mirage,111617,weapon_ak47,34.8,46.4,84.7,1,True,True,False,0.0,False,False,False,215.0,73.1,0.162,38.3,True,True,1770022.1,1769871.1,-151.0,0,65535,0,65535,,,False,False,True,SYNC_UNCERTAIN,-127.7,1744.015625,1769.8711
de_mirage,111760,weapon_ak47,189.8,189.6,178.7,1,True,True,False,0.0,False,False,False,215.0,73.1,0.883,-116.7,False,True,1772256.5,1772101.8,-154.7,65535,0,0,65535,,,False,True,True,SYNC_UNCERTAIN,-131.2,1746.25,1772.1018000000001
de_mirage,111845,weapon_ak47,153.7,155.0,123.0,1,True,True,False,0.0,False,False,False,215.0,73.1,0.715,-80.6,False,True,1773584.6,1773428.4,-156.2,65535,65535,0,12172,49.0,0.0,False,True,True,SYNC_UNCERTAIN,-132.6,1747.578125,1773.4284
de_mirage,113793,weapon_awp,8.1,6.0,24.4,1,True,True,False,0.0,False,False,False,200.0,68.0,0.04,59.9,,False,1804022.1,1803856.2,-166.0,65535,65535,3011,65535,,,False,True,True,SYNC_UNCERTAIN,-139.5,1778.015625,1803.8562
de_mirage,114182,weapon_awp,9.8,7.7,48.1,1,True,True,False,0.0,False,False,False,200.0,68.0,0.049,58.2,,False,1810100.2,1809936.9,-163.3,0,65535,0,65535,2.0,0.0,False,False,True,SYNC_UNCERTAIN,-136.4,1784.09375,1809.9369
de_mirage,116144,weapon_awp,19.6,17.5,54.1,1,True,True,False,0.0,False,False,False,200.0,68.0,0.098,48.4,,False,1840756.5,1840574.6,-181.9,0,65535,0,0,,,False,False,True,SYNC_UNCERTAIN,-152.2,1814.75,1840.5746000000001
de_cache,2352,weapon_glock,52.1,38.0,68.0,1,True,True,False,0.0,False,False,False,240.0,81.6,0.217,29.5,,False,1824677.7,,,0,65535,0,65535,,,False,False,True,SKIP_CACHE,,36.75,
de_cache,2368,weapon_glock,27.2,12.9,20.3,1,True,False,False,0.0,False,False,False,240.0,81.6,0.113,54.4,,False,1824927.7,,,0,65535,0,65535,0.0,30.0,False,False,True,SKIP_CACHE,,37.0,
de_cache,2379,weapon_glock,46.4,37.9,62.2,1,True,False,False,0.0,False,False,False,240.0,81.6,0.193,35.2,,False,1825099.6,,,0,65535,0,65535,23.0,22.0,False,False,True,SKIP_CACHE,,37.171875,
de_cache,2389,weapon_glock,115.4,103.1,101.2,1,True,False,False,0.0,False,False,False,240.0,81.6,0.481,-33.8,,False,1825255.8,,,27546,65535,0,65535,,,False,True,True,SKIP_CACHE,,37.328125,
de_cache,2398,weapon_glock,182.8,181.1,165.3,1,True,False,False,0.0,False,False,False,240.0,81.6,0.762,-101.2,,False,1825396.4,,,65535,65535,0,65535,,,False,True,True,SKIP_CACHE,,37.46875,
de_cache,6748,weapon_galilar,22.9,47.9,18.8,1,True,True,False,0.0,False,False,False,215.0,73.1,0.107,50.2,True,True,1893365.2,1893219.0,-146.2,0,0,0,0,,,False,False,False,SKIP_CACHE,-50.9,105.4375,1893.219
de_cache,6809,weapon_galilar,15.0,14.2,4.6,1,True,False,False,1.0,False,False,False,215.0,73.1,0.07,58.1,True,True,1894318.3,1894418.5,100.2,0,0,0,0,,,False,False,False,SKIP_CACHE,193.7,106.390625,1894.4185
de_cache,10964,weapon_galilar,94.8,123.3,67.1,1,True,True,False,0.0,False,False,False,215.0,73.1,0.441,-21.7,False,True,1959240.2,,,0,0,0,0,,,False,False,False,SKIP_CACHE,,171.3125,
de_cache,11513,weapon_galilar,97.0,123.5,43.0,1,True,True,False,0.0,False,False,False,215.0,73.1,0.451,-23.9,False,True,1967818.3,1967653.1,-165.2,0,0,0,0,,,False,False,False,SKIP_CACHE,-208.9,179.890625,1967.6531
de_cache,11581,weapon_galilar,0.9,6.5,58.3,1,True,False,False,0.0,False,False,False,215.0,73.1,0.004,72.2,True,True,1968880.8,1969188.9,308.1,0,0,0,0,,,False,False,False,SKIP_CACHE,262.5,180.953125,1969.1888999999999
de_cache,11602,weapon_galilar,12.0,36.9,8.2,1,True,False,False,0.0,False,False,False,215.0,73.1,0.056,61.1,True,True,1969208.9,1969188.9,-20.1,0,0,0,0,,,False,False,False,SKIP_CACHE,-66.3,181.28125,1969.1888999999999
de_cache,11621,weapon_galilar,4.6,19.8,4.1,1,True,False,False,0.0,False,False,False,215.0,73.1,0.021,68.5,True,True,1969505.8,1969188.9,-316.9,0,0,0,0,,,False,False,False,SKIP_CACHE,-363.7,181.578125,1969.1888999999999
de_cache,11906,weapon_galilar,67.5,55.5,8.2,1,True,True,False,0.0,False,False,False,215.0,73.1,0.314,5.6,True,True,1973958.9,1974105.1,146.2,0,0,0,0,,,False,False,False,SKIP_CACHE,91.1,186.03125,1974.1051
de_cache,16144,weapon_galilar,215.0,215.0,172.8,1,True,True,False,0.0,False,False,False,215.0,73.1,1.0,-141.9,False,True,2040177.7,2040498.9,321.2,0,0,0,0,,,False,False,False,SKIP_CACHE,142.5,252.25,2040.4988999999998
de_inferno,5012,weapon_elite,38.0,65.1,8.2,1,True,True,False,0.0,False,False,False,240.0,81.6,0.158,43.6,,False,2946724.9,2946989.6,264.7,0,65535,65535,65535,,,False,True,True,SYNC_UNCERTAIN,184.2,78.3125,2946.9896
de_inferno,5023,weapon_elite,27.4,13.3,14.5,1,True,False,False,0.0,False,False,False,240.0,81.6,0.114,54.2,,False,2946896.8,2946989.6,92.8,0,65535,0,65535,9.0,79.0,False,False,True,SYNC_UNCERTAIN,12.3,78.484375,2946.9896
de_inferno,5031,weapon_elite,80.8,66.7,12.0,1,True,False,False,0.0,False,False,False,240.0,81.6,0.337,0.8,,False,2947021.8,2946989.6,-32.2,0,65535,0,65535,,,False,False,True,SYNC_UNCERTAIN,-112.7,78.609375,2946.9896
de_inferno,5044,weapon_elite,74.5,80.6,7.3,1,True,False,False,0.0,False,False,False,240.0,81.6,0.311,7.1,,False,2947224.9,2947162.1,-62.8,0,65535,0,65535,0.0,17.0,False,False,True,SYNC_UNCERTAIN,-143.3,78.8125,2947.1621
de_inferno,5052,weapon_elite,52.7,60.1,5.1,1,True,False,False,0.0,False,False,False,240.0,81.6,0.219,28.9,,False,2947349.9,2947289.4,-60.5,0,65535,0,65535,,,False,False,True,SYNC_UNCERTAIN,-140.9,78.9375,2947.2894
de_inferno,5059,weapon_elite,31.3,37.8,1.7,1,True,False,False,0.0,False,False,False,240.0,81.6,0.131,50.3,,False,2947459.3,2947495.9,36.7,0,65535,0,65535,0.0,2.0,False,False,True,SYNC_UNCERTAIN,-43.8,79.046875,2947.4959
de_inferno,5067,weapon_elite,3.7,22.7,1.9,1,True,False,False,0.0,False,False,False,240.0,81.6,0.015,77.9,,False,2947584.3,2947596.5,12.2,0,65535,0,65535,,,True,False,True,RELEASE_NO_COUNTER,-68.2,79.171875,2947.5965
de_inferno,5075,weapon_elite,22.3,5.4,26.6,1,True,False,False,0.0,False,False,False,240.0,81.6,0.093,59.3,,False,2947709.3,2947719.4,10.1,0,65535,0,65535,,,True,False,True,RELEASE_NO_COUNTER,-70.3,79.296875,2947.7194
de_inferno,5150,weapon_elite,30.3,33.6,16.9,1,True,True,False,0.0,False,False,False,240.0,81.6,0.126,51.3,,False,2948881.2,2949151.7,270.6,65535,65535,0,65535,0.0,17.0,False,True,True,SYNC_UNCERTAIN,190.3,80.46875,2949.1517000000003
de_inferno,5162,weapon_elite,101.4,88.0,75.0,1,True,False,False,0.0,False,False,False,240.0,81.6,0.423,-19.8,,False,2949068.7,2949151.7,83.1,65535,65535,0,65535,,,False,True,True,SYNC_UNCERTAIN,2.8,80.65625,2949.1517000000003
de_inferno,5172,weapon_elite,99.4,95.5,70.5,1,True,False,False,0.0,False,False,False,240.0,81.6,0.414,-17.8,,False,2949224.9,2949151.7,-73.2,22422,65535,0,65535,,,False,True,True,SYNC_UNCERTAIN,-153.4,80.8125,2949.1517000000003
de_inferno,5310,weapon_elite,93.4,79.4,9.2,1,True,True,False,0.0,False,False,False,240.0,81.6,0.389,-11.8,,False,2951381.2,2951636.2,255.1,0,65535,0,65535,2.0,0.0,False,False,True,SYNC_UNCERTAIN,175.1,82.96875,2951.6362000000004
de_inferno,5320,weapon_elite,17.3,44.4,7.1,1,True,False,False,0.0,False,False,False,240.0,81.6,0.072,64.3,,False,2951537.4,2951636.2,98.8,0,65535,0,65535,,,False,False,True,SYNC_UNCERTAIN,18.9,83.125,2951.6362000000004
de_inferno,5329,weapon_elite,119.3,107.5,27.6,1,True,False,False,0.0,False,False,False,240.0,81.6,0.497,-37.7,,False,2951678.0,2951636.2,-41.8,0,65535,0,65535,0.0,36.0,False,False,True,SYNC_UNCERTAIN,-121.7,83.265625,2951.6362000000004
de_inferno,11908,weapon_ak47,22.7,46.8,69.5,1,True,True,False,0.0,False,False,False,215.0,73.1,0.106,50.4,True,True,3054474.9,3054699.7,224.8,0,65535,0,65535,,,False,False,True,SYNC_UNCERTAIN,157.6,186.0625,3054.6997
de_inferno,11992,weapon_ak47,32.7,57.6,55.1,1,True,False,False,0.0,False,False,False,215.0,73.1,0.152,40.4,True,True,3055787.4,3056004.8,217.4,0,65535,0,51698,,,False,False,True,SYNC_UNCERTAIN,150.4,187.375,3056.0047999999997
de_inferno,21336,weapon_deagle,6.5,27.5,67.6,1,True,True,False,0.0,False,False,False,230.0,78.2,0.028,71.7,,False,3201787.4,3201932.8,145.4,0,65535,0,65535,,,False,False,True,SYNC_UNCERTAIN,96.5,333.375,3201.9327999999996
de_inferno,21354,weapon_deagle,61.4,58.0,10.4,1,True,False,False,0.0,False,False,False,230.0,78.2,0.267,16.8,,False,3202068.7,3201932.8,-135.8,0,65535,0,65535,0.0,23.0,False,False,True,SYNC_UNCERTAIN,-184.7,333.65625,3201.9327999999996
de_inferno,26362,weapon_awp,0.0,0.0,30.0,1,True,True,False,0.0,False,False,False,200.0,68.0,0.0,68.0,,False,3280318.7,3280421.6,102.9,0,65535,0,0,,,False,False,True,SYNC_UNCERTAIN,63.8,411.90625,3280.4216
de_inferno,27331,weapon_awp,1.3,0.0,39.4,1,True,True,False,0.0,False,False,False,200.0,68.0,0.006,66.7,,False,3295459.3,3295576.3,117.0,0,65535,0,42024,,,False,False,True,SYNC_UNCERTAIN,79.7,427.046875,3295.5762999999997
de_inferno,27572,weapon_awp,13.6,11.5,30.6,1,True,True,False,0.0,False,False,False,200.0,68.0,0.068,54.4,,False,3299224.9,3299327.9,103.0,65535,65535,0,65535,,,False,True,True,SYNC_UNCERTAIN,66.2,430.8125,3299.3278999999998
de_inferno,34166,weapon_awp,12.4,10.3,25.1,1,True,True,False,0.0,False,False,False,200.0,68.0,0.062,55.6,,False,3402256.2,3402309.7,53.6,0,65535,0,65535,35.0,27.0,False,False,True,SYNC_UNCERTAIN,29.5,533.84375,3402.3097000000002
de_inferno,34351,weapon_awp,28.3,43.4,32.2,1,True,True,False,0.0,False,False,False,200.0,68.0,0.142,39.7,,False,3405146.8,3405201.5,54.7,0,65535,0,65535,,,False,False,True,SYNC_UNCERTAIN,31.0,536.734375,3405.2015
de_inferno,34468,weapon_awp,9.5,3.6,21.6,1,True,True,False,0.0,False,False,False,200.0,68.0,0.047,58.5,,False,3406974.9,3407034.7,59.8,0,65535,0,65535,,,False,False,True,SYNC_UNCERTAIN,36.3,538.5625,3407.0347
de_inferno,39622,weapon_awp,14.8,12.7,12.7,1,True,True,False,0.0,False,False,False,200.0,68.0,0.074,53.2,,False,3487506.2,3487528.0,21.9,0,65535,0,65535,116.0,12.0,True,False,True,DELAYED_OPPOSITE,8.3,619.09375,3487.528
de_inferno,40217,weapon_awp,0.0,0.0,41.2,1,True,True,False,0.0,False,False,False,200.0,68.0,0.0,68.0,,False,3496803.0,3496817.9,14.9,55157,65535,0,27290,31.0,0.0,True,True,True,COUNTER_CLEAN,2.5,628.390625,3496.8179
de_inferno,40735,weapon_awp,18.2,24.6,59.0,1,True,True,False,0.0,False,False,False,200.0,68.0,0.091,49.8,,False,3504896.8,3504921.1,24.4,0,65535,65535,65535,,,True,True,True,DIAGONAL,13.0,636.484375,3504.9211
de_inferno,43754,weapon_awp,45.7,48.6,16.5,1,True,True,False,0.0,False,False,False,200.0,68.0,0.228,22.3,,False,3552068.7,3552062.8,-5.9,0,65535,0,65535,10.0,0.0,True,False,True,COUNTER_CLEAN,-11.4,683.65625,3552.0627999999997
de_inferno,47171,weapon_awp,30.2,30.8,16.4,1,True,True,False,1.0,False,False,False,200.0,68.0,0.151,37.8,,False,3605459.3,3605431.4,-27.9,65535,65535,0,65535,,,True,True,True,DIAGONAL,-26.8,737.046875,3605.4314
de_inferno,54239,weapon_deagle,28.6,35.1,50.3,1,True,True,False,0.0,False,False,False,230.0,78.2,0.124,49.6,,False,3715896.8,3715817.3,-79.5,0,65535,0,65535,26.0,47.0,False,False,True,SYNC_UNCERTAIN,-64.7,847.484375,3715.8172999999997
de_inferno,54808,weapon_deagle,149.7,141.9,148.6,1,True,True,False,0.0,False,False,False,230.0,78.2,0.651,-71.5,,False,3724787.4,3724709.1,-78.3,0,65535,0,65535,,,False,False,True,SYNC_UNCERTAIN,-62.4,856.375,3724.7091
de_inferno,55051,weapon_deagle,36.9,56.5,36.1,1,True,True,False,0.0,False,False,False,230.0,78.2,0.161,41.3,,False,3728584.3,3728492.1,-92.2,65535,65535,0,65535,,,False,True,True,SYNC_UNCERTAIN,-75.8,860.171875,3728.4921
de_inferno,55074,weapon_deagle,2.9,3.8,37.6,1,True,False,False,0.439,False,False,False,230.0,78.2,0.012,75.3,,False,3728943.7,3728861.8,-81.9,0,65535,0,65535,,,False,False,True,SYNC_UNCERTAIN,-65.4,860.53125,3728.8617999999997
de_inferno,55093,weapon_deagle,14.8,13.9,45.5,1,True,False,False,0.287,False,False,False,230.0,78.2,0.064,63.4,,False,3729240.5,3729159.8,-80.7,0,65535,0,65535,0.0,22.0,False,False,True,SYNC_UNCERTAIN,-64.3,860.828125,3729.1598
de_inferno,55175,weapon_deagle,71.8,99.6,92.3,1,True,True,False,0.0,False,False,False,230.0,78.2,0.312,6.4,,False,3730521.8,3730433.1,-88.7,65535,65535,0,65535,,,False,True,True,SYNC_UNCERTAIN,-72.1,862.109375,3730.4331
de_inferno,61181,weapon_m4a1_silencer,59.3,46.5,78.8,1,True,True,False,0.0,False,False,False,225.0,76.5,0.264,17.2,True,True,3824365.5,3824241.4,-124.1,0,3716,0,65535,,,False,False,True,SYNC_UNCERTAIN,-95.9,955.953125,3824.2414
de_inferno,61723,weapon_m4a1_silencer,76.0,76.5,58.3,1,True,True,False,1.0,False,False,False,225.0,76.5,0.338,0.5,True,True,3832834.3,3832711.2,-123.0,65535,65535,0,0,,,False,True,True,SYNC_UNCERTAIN,-93.8,964.421875,3832.7112
de_inferno,68253,weapon_m4a1_silencer,0.0,0.0,34.5,1,True,True,False,0.0,False,False,False,225.0,76.5,0.0,76.5,True,True,3934865.5,3934683.3,-182.2,61051,65535,0,65535,,,False,True,True,SYNC_UNCERTAIN,-140.3,1066.453125,3934.6832999999997
de_inferno,68280,weapon_m4a1_silencer,59.9,82.7,31.3,1,True,False,False,0.0,False,False,False,225.0,76.5,0.266,16.6,True,True,3935287.4,3935101.0,-186.4,0,65535,0,65535,,,False,False,True,SYNC_UNCERTAIN,-144.4,1066.875,3935.101
de_inferno,73752,weapon_glock,226.2,226.4,196.1,1,True,True,False,0.0,False,False,False,240.0,81.6,0.943,-144.6,,False,4020787.4,4020741.5,-45.9,65535,65535,0,65535,,,False,True,True,SYNC_UNCERTAIN,6.7,1152.375,4020.7415
de_inferno,73762,weapon_glock,138.3,172.5,138.3,1,True,False,False,0.0,False,False,False,240.0,81.6,0.576,-56.7,,False,4020943.7,4020895.9,-47.8,32287,65535,0,65535,,,False,True,True,SYNC_UNCERTAIN,4.8,1152.53125,4020.8959
de_inferno,73772,weapon_glock,71.6,100.1,56.3,1,True,False,False,0.0,False,False,False,240.0,81.6,0.298,10.0,,False,4021099.9,4021135.5,35.6,65535,65535,0,65535,,,False,True,True,SYNC_UNCERTAIN,88.2,1152.6875,4021.1355
de_inferno,73781,weapon_glock,89.5,77.0,41.6,1,True,False,False,0.0,False,False,False,240.0,81.6,0.373,-7.9,,False,4021240.5,4021267.8,27.2,65535,65535,0,65535,,,True,True,True,DIAGONAL,79.9,1152.828125,4021.2677999999996
de_inferno,73791,weapon_glock,76.3,70.0,35.3,1,True,False,False,0.0,False,False,False,240.0,81.6,0.318,5.3,,False,4021396.8,4021388.7,-8.1,65535,65535,0,65535,,,True,True,True,DIAGONAL,44.6,1152.984375,4021.3887
de_inferno,73804,weapon_glock,43.1,29.3,48.7,1,True,False,False,0.0,False,False,False,240.0,81.6,0.179,38.5,,False,4021599.9,4021645.0,45.1,65407,65535,0,65535,,,False,True,True,SYNC_UNCERTAIN,97.8,1153.1875,4021.645
de_inferno,73813,weapon_glock,57.0,42.8,63.5,1,True,False,False,0.0,False,False,False,240.0,81.6,0.237,24.6,,False,4021740.5,4021793.7,53.2,65535,65535,0,65535,0.0,49.0,False,True,True,SYNC_UNCERTAIN,105.9,1153.328125,4021.7937
de_inferno,73830,weapon_glock,165.6,163.4,99.5,1,True,False,False,0.0,False,False,False,240.0,81.6,0.69,-84.0,,False,4022006.2,4021977.8,-28.4,65535,65535,0,65535,22.0,27.0,True,True,True,COUNTER_CLEAN,24.4,1153.59375,4021.9777999999997
de_inferno,73841,weapon_glock,95.3,101.9,79.4,1,True,False,False,0.0,False,False,False,240.0,81.6,0.397,-13.7,,False,4022178.0,4022127.0,-51.0,65535,65535,0,65535,,,False,True,True,SYNC_UNCERTAIN,1.7,1153.765625,4022.127
de_inferno,73851,weapon_glock,49.5,70.9,49.6,1,True,False,False,0.0,False,False,False,240.0,81.6,0.206,32.1,,False,4022334.3,4022259.2,-75.1,0,65535,0,65535,,,False,False,True,SYNC_UNCERTAIN,-22.3,1153.921875,4022.2592
de_inferno,73861,weapon_glock,128.0,116.9,21.9,1,True,False,False,0.0,False,False,False,240.0,81.6,0.533,-46.4,,False,4022490.5,4022448.0,-42.5,65535,65535,0,65535,,,False,True,True,SYNC_UNCERTAIN,10.3,1154.078125,4022.448
de_inferno,73872,weapon_glock,81.8,68.5,45.0,1,True,False,False,0.0,False,False,False,240.0,81.6,0.341,-0.2,,False,4022662.4,4022599.7,-62.7,65535,65535,0,65535,,,False,True,True,SYNC_UNCERTAIN,-9.9,1154.25,4022.5997
de_inferno,73881,weapon_glock,68.9,56.7,71.9,1,True,False,False,0.0,False,False,False,240.0,81.6,0.287,12.7,,False,4022803.0,4022599.7,-203.3,65535,65535,0,65535,0.0,24.0,False,True,True,SYNC_UNCERTAIN,-150.5,1154.390625,4022.5997
de_inferno,74235,weapon_glock,239.8,240.0,230.7,1,True,True,False,0.0,False,False,False,240.0,81.6,0.999,-158.2,,False,4028334.3,4028119.2,-215.0,65535,27034,0,65535,45.0,0.0,False,True,True,SYNC_UNCERTAIN,-161.6,1159.921875,4028.1192
de_inferno,74442,weapon_glock,132.7,132.6,126.8,1,True,True,False,1.0,True,False,False,240.0,81.6,0.553,-51.1,,False,4031568.7,4031581.7,13.0,0,65535,65535,65535,,,True,True,True,DIAGONAL,67.0,1163.15625,4031.5817
de_inferno,74456,weapon_glock,135.8,135.8,129.6,1,True,False,False,0.0,True,False,False,240.0,81.6,0.566,-54.2,,False,4031787.4,4031804.7,17.3,0,65535,65535,65535,0.0,27.0,True,True,True,COUNTER_CLEAN,71.2,1163.375,4031.8047
de_inferno,74471,weapon_glock,130.7,130.7,105.1,1,True,False,False,0.0,False,False,False,240.0,81.6,0.544,-49.1,,False,4032021.8,4031988.8,-33.0,0,65535,0,65535,,,False,False,True,SYNC_UNCERTAIN,21.0,1163.609375,4031.9887999999996
de_inferno,74483,weapon_glock,41.2,54.8,68.7,1,True,False,False,0.0,False,False,False,240.0,81.6,0.172,40.4,,False,4032209.3,4032385.9,176.6,0,65535,0,65535,,,False,False,True,SYNC_UNCERTAIN,230.6,1163.796875,4032.3858999999998
de_inferno,74508,weapon_glock,124.9,124.9,96.2,1,True,False,False,0.0,True,False,False,240.0,81.6,0.52,-43.3,,False,4032599.9,4032385.9,-214.0,0,65535,65535,65535,42.0,0.0,False,True,True,SYNC_UNCERTAIN,-160.0,1164.1875,4032.3858999999998
de_inferno,74974,weapon_glock,97.9,84.7,40.6,1,True,True,False,0.0,False,False,False,240.0,81.6,0.408,-16.3,,False,4039881.2,4039881.1,-0.0,65535,65535,0,65535,,,True,True,True,DIAGONAL,54.9,1171.46875,4039.8811
de_inferno,74988,weapon_glock,33.0,22.6,45.3,1,True,False,False,0.0,False,False,False,240.0,81.6,0.137,48.6,,False,4040099.9,4040074.2,-25.7,55349,65535,0,65535,,,True,True,True,DIAGONAL,29.3,1171.6875,4040.0742
de_inferno,75000,weapon_glock,52.3,38.1,13.1,1,True,False,False,0.0,False,False,False,240.0,81.6,0.218,29.3,,False,4040287.4,4040316.1,28.7,0,65535,0,65535,,,True,False,True,RELEASE_NO_COUNTER,83.7,1171.875,4040.3161
de_inferno,75016,weapon_glock,115.2,102.9,19.8,1,True,False,False,0.0,False,False,False,240.0,81.6,0.48,-33.6,,False,4040537.4,4040513.3,-24.1,65535,65535,0,65535,,,True,True,True,DIAGONAL,30.9,1172.125,4040.5132999999996
de_inferno,75028,weapon_glock,68.8,59.2,21.8,1,True,False,False,0.0,False,False,False,240.0,81.6,0.287,12.8,,False,4040724.9,4040700.2,-24.7,65535,65535,0,65535,,,True,True,True,DIAGONAL,30.3,1172.3125,4040.7002
de_inferno,75040,weapon_glock,88.6,87.0,30.9,1,True,False,False,0.0,False,False,False,240.0,81.6,0.369,-7.0,,False,4040912.4,4040933.3,20.9,65535,65535,0,65535,,,True,True,True,DIAGONAL,76.0,1172.5,4040.9332999999997
de_inferno,75055,weapon_glock,21.0,5.8,11.9,1,True,False,False,0.0,False,False,False,240.0,81.6,0.088,60.6,,False,4041146.8,4041176.8,30.0,0,65535,0,65535,,,False,False,True,SYNC_UNCERTAIN,85.1,1172.734375,4041.1767999999997
de_inferno,75066,weapon_glock,76.2,77.4,19.3,1,True,False,False,0.0,False,False,False,240.0,81.6,0.318,5.4,,False,4041318.7,4041328.0,9.4,0,65535,0,65535,,,True,False,True,RELEASE_NO_COUNTER,64.5,1172.90625,4041.328
de_inferno,75075,weapon_glock,75.3,61.1,17.3,1,True,False,False,0.0,False,False,False,240.0,81.6,0.314,6.3,,False,4041459.3,4041463.1,3.8,0,65535,0,65535,,,True,False,True,RELEASE_NO_COUNTER,59.0,1173.046875,4041.4631
de_inferno,75085,weapon_glock,37.3,64.5,8.3,1,True,False,False,0.0,False,False,False,240.0,81.6,0.155,44.3,,False,4041615.5,4041619.3,3.8,0,65535,0,65535,,,True,False,True,RELEASE_NO_COUNTER,58.9,1173.203125,4041.6193
de_inferno,75099,weapon_glock,52.4,79.8,0.1,1,True,False,False,0.0,False,False,False,240.0,81.6,0.219,29.2,,False,4041834.3,4041801.3,-33.0,0,65535,0,65535,3.0,37.0,False,False,True,SYNC_UNCERTAIN,22.2,1173.421875,4041.8012999999996
de_inferno,75111,weapon_glock,84.7,113.6,1.2,1,True,False,False,0.0,False,False,False,240.0,81.6,0.353,-3.1,,False,4042021.8,4041969.1,-52.7,0,65535,0,65535,3.0,32.0,False,False,True,SYNC_UNCERTAIN,2.5,1173.609375,4041.9691000000003
de_inferno,75122,weapon_glock,82.0,89.2,40.0,1,True,False,False,0.0,False,False,False,240.0,81.6,0.342,-0.4,,False,4042193.7,4042226.7,33.0,65535,65535,0,65535,0.0,32.0,False,True,True,SYNC_UNCERTAIN,88.3,1173.78125,4042.2267
de_inferno,75138,weapon_glock,153.9,149.0,129.0,1,True,False,False,0.0,False,False,False,240.0,81.6,0.641,-72.3,,False,4042443.7,4042226.7,-217.0,65535,65535,0,0,,,False,True,True,SYNC_UNCERTAIN,-161.7,1174.03125,4042.2267
de_inferno,75349,weapon_glock,227.7,226.7,211.5,1,True,True,False,0.0,False,False,False,240.0,81.6,0.949,-146.1,,False,4045740.5,4045737.2,-3.3,65535,0,0,65535,,,True,True,True,DIAGONAL,52.3,1177.328125,4045.7372
de_inferno,75363,weapon_glock,232.4,230.5,229.2,1,True,False,False,0.0,False,False,False,240.0,81.6,0.968,-150.8,,False,4045959.3,4045993.6,34.3,65535,0,0,65535,,,False,True,True,SYNC_UNCERTAIN,90.0,1177.546875,4045.9936000000002
de_inferno,75373,weapon_glock,240.0,240.0,236.2,1,True,False,False,0.0,False,False,False,240.0,81.6,1.0,-158.4,,False,4046115.5,4046085.1,-30.4,65535,0,0,65535,,,False,True,True,SYNC_UNCERTAIN,25.3,1177.703125,4046.0851000000002
de_inferno,75382,weapon_glock,240.0,240.0,179.4,1,True,False,False,0.0,False,False,False,240.0,81.6,1.0,-158.4,,False,4046256.2,4046219.3,-36.9,65535,65535,0,65535,,,False,True,True,SYNC_UNCERTAIN,18.9,1177.84375,4046.2192999999997
de_inferno,81893,weapon_ak47,169.5,193.7,125.9,1,True,True,False,0.0,False,False,False,215.0,73.1,0.789,-96.4,False,True,4147990.5,4147718.1,-272.5,65535,65535,0,65535,,,False,True,True,SYNC_UNCERTAIN,-204.1,1279.578125,4147.7181
de_inferno,81966,weapon_ak47,207.3,208.5,127.4,1,True,False,False,0.0,False,False,False,215.0,73.1,0.964,-134.2,False,True,4149131.2,4148860.7,-270.5,65535,65535,0,65535,0.0,0.0,False,True,True,SYNC_UNCERTAIN,-202.0,1280.71875,4148.8607
de_inferno,84613,weapon_deagle,0.0,0.0,40.3,1,True,True,False,0.0,False,False,False,230.0,78.2,0.0,78.2,,False,4190490.5,4190207.4,-283.2,0,65535,0,65535,15.0,0.0,False,False,True,SYNC_UNCERTAIN,-209.5,1322.078125,4190.2074
de_inferno,85008,weapon_deagle,127.0,159.3,110.9,1,True,True,False,0.0,False,False,False,230.0,78.2,0.552,-48.8,,False,4196662.4,4196720.4,58.0,0,65535,0,65535,0.0,9.0,False,False,True,SYNC_UNCERTAIN,132.4,1328.25,4196.7204
de_inferno,85030,weapon_deagle,18.7,17.9,18.9,1,True,False,False,0.507,False,False,False,230.0,78.2,0.081,59.5,,False,4197006.2,4196962.3,-43.8,0,0,0,65535,,,False,False,True,SYNC_UNCERTAIN,30.6,1328.59375,4196.9623
de_inferno,85046,weapon_deagle,31.6,30.8,23.0,1,True,False,False,1.0,False,False,False,230.0,78.2,0.138,46.6,,False,4197256.2,4197212.0,-44.1,0,0,0,65535,,,False,False,True,SYNC_UNCERTAIN,30.3,1328.84375,4197.212
de_dust2,2025,weapon_usp_silencer,10.3,0.0,35.1,1,True,True,False,0.0,False,False,False,240.0,81.6,0.043,71.3,,False,4598195.7,4598549.6,353.9,0,65535,0,65535,1.0,22.0,False,False,True,SYNC_UNCERTAIN,201.0,31.640625,4598.549599999999
de_dust2,2045,weapon_usp_silencer,138.2,136.5,112.2,1,True,False,False,0.0,False,False,False,240.0,81.6,0.576,-56.6,,False,4598508.2,4598549.6,41.4,0,65535,0,65535,,,False,False,True,SYNC_UNCERTAIN,-111.4,31.953125,4598.549599999999
de_dust2,2055,weapon_usp_silencer,153.4,151.5,147.4,1,True,False,False,0.0,True,False,False,240.0,81.6,0.639,-71.8,,False,4598664.5,4598549.6,-114.9,0,65535,0,65535,,,False,False,True,SYNC_UNCERTAIN,-267.6,32.109375,4598.549599999999
de_dust2,2932,weapon_usp_silencer,129.6,118.6,9.4,1,True,True,False,0.0,False,False,False,240.0,81.6,0.54,-48.0,,False,4612367.6,4612720.3,352.7,0,65535,0,65535,0.0,0.0,False,False,True,SYNC_UNCERTAIN,202.5,45.8125,4612.7203
de_dust2,2952,weapon_usp_silencer,123.7,144.2,30.8,1,True,False,False,0.0,False,False,False,240.0,81.6,0.515,-42.1,,False,4612680.1,4612720.3,40.2,0,65535,0,65535,,,False,False,True,SYNC_UNCERTAIN,-109.9,46.125,4612.7203
de_dust2,3144,weapon_usp_silencer,52.8,38.7,52.8,1,True,True,False,0.0,False,False,False,240.0,81.6,0.22,28.8,,False,4615680.1,4616040.5,360.4,0,65535,0,65535,9.0,0.0,False,False,True,SYNC_UNCERTAIN,210.9,49.125,4616.0405
de_dust2,3171,weapon_usp_silencer,61.0,67.0,34.7,1,True,False,False,0.0,False,False,False,240.0,81.6,0.254,20.6,,False,4616102.0,4616040.5,-61.5,0,65535,0,65535,10.0,10.0,False,False,True,SYNC_UNCERTAIN,-210.9,49.546875,4616.0405
de_dust2,3188,weapon_usp_silencer,174.0,167.1,45.9,1,True,False,False,0.0,False,False,False,240.0,81.6,0.725,-92.4,,False,4616367.6,4616454.0,86.4,0,65535,0,65535,6.0,0.0,False,False,True,SYNC_UNCERTAIN,-63.0,49.8125,4616.454
de_dust2,3207,weapon_usp_silencer,30.1,16.0,45.4,1,True,False,False,0.0,False,False,False,240.0,81.6,0.125,51.5,,False,4616664.5,4616716.2,51.8,0,65535,0,65535,5.0,0.0,False,False,True,SYNC_UNCERTAIN,-97.6,50.109375,4616.7162
de_dust2,3253,weapon_usp_silencer,21.0,0.4,20.9,1,True,False,False,0.0,False,False,False,240.0,81.6,0.088,60.6,,False,4617383.2,4617724.9,341.7,0,65535,0,65535,,,False,False,True,SYNC_UNCERTAIN,192.5,50.828125,4617.7249
de_dust2,3619,weapon_usp_silencer,111.6,99.0,38.5,1,True,True,False,0.0,False,False,False,240.0,81.6,0.465,-30.0,,False,4623102.0,4623443.2,341.2,0,65535,0,65535,,,False,False,True,SYNC_UNCERTAIN,193.1,56.546875,4623.443200000001
de_dust2,3643,weapon_usp_silencer,6.4,16.2,50.7,1,True,False,False,0.0,False,False,False,240.0,81.6,0.027,75.2,,False,4623477.0,4623443.2,-33.8,0,65535,0,65535,0.0,0.0,False,False,True,SYNC_UNCERTAIN,-181.8,56.921875,4623.443200000001
de_dust2,3945,weapon_usp_silencer,24.6,49.8,35.9,1,True,True,False,0.0,False,False,False,240.0,81.6,0.102,57.0,,False,4628195.7,4628546.7,351.0,65535,65535,0,65535,9.0,0.0,False,True,True,SYNC_UNCERTAIN,203.8,61.640625,4628.5467
de_dust2,3968,weapon_usp_silencer,51.9,37.7,15.5,1,True,False,False,0.0,False,False,False,240.0,81.6,0.216,29.7,,False,4628555.1,4628546.7,-8.4,65535,65535,0,65535,4.0,0.0,True,True,True,COUNTER_CLEAN,-155.5,62.0,4628.5467
de_dust2,4063,weapon_usp_silencer,85.3,96.8,97.1,1,True,True,False,0.0,False,False,False,240.0,81.6,0.355,-3.7,,False,4630039.5,4630386.8,347.4,65535,65535,0,65535,13.0,0.0,False,True,True,SYNC_UNCERTAIN,200.5,63.484375,4630.3868
de_dust2,4092,weapon_usp_silencer,50.8,57.3,15.2,1,True,False,False,0.0,False,False,False,240.0,81.6,0.212,30.8,,False,4630492.6,4630386.8,-105.8,65535,65535,0,65535,,,False,True,True,SYNC_UNCERTAIN,-252.5,63.9375,4630.3868
de_dust2,5172,weapon_usp_silencer,43.3,34.1,17.6,1,True,True,False,0.0,False,False,False,240.0,81.6,0.181,38.3,,False,4647367.6,4647696.3,328.7,0,65535,0,65535,3.0,0.0,False,False,True,SYNC_UNCERTAIN,185.1,80.8125,4647.6963
de_dust2,5190,weapon_usp_silencer,4.0,9.9,18.0,1,True,False,False,0.0,False,False,False,240.0,81.6,0.017,77.6,,False,4647648.8,4647696.3,47.4,0,65535,0,65535,,,False,False,True,SYNC_UNCERTAIN,-96.0,81.09375,4647.6963
de_dust2,6346,weapon_usp_silencer,0.0,0.0,13.6,1,True,True,False,0.0,False,False,False,240.0,81.6,0.0,81.6,,False,4665711.3,4666037.9,326.5,0,65535,0,6150,73.0,0.0,False,False,True,SYNC_UNCERTAIN,186.5,99.15625,4666.0379
de_dust2,6367,weapon_usp_silencer,41.0,68.2,14.8,1,True,False,False,0.0,False,False,False,240.0,81.6,0.171,40.6,,False,4666039.5,4666037.9,-1.6,0,65535,0,0,,,True,False,True,RELEASE_NO_COUNTER,-141.6,99.484375,4666.0379
de_dust2,6381,weapon_usp_silencer,134.2,132.7,102.3,1,True,False,False,0.0,False,False,False,240.0,81.6,0.559,-52.6,,False,4666258.2,4666364.8,106.5,0,65535,0,65535,193.0,0.0,False,False,True,SYNC_UNCERTAIN,-33.4,99.703125,4666.364799999999
de_dust2,6585,weapon_usp_silencer,217.3,214.7,166.3,1,True,True,False,0.0,False,False,False,240.0,81.6,0.905,-135.7,,False,4669445.7,4669770.0,324.3,0,43626,65535,65535,,,False,True,True,SYNC_UNCERTAIN,184.9,102.890625,4669.77
de_dust2,6597,weapon_usp_silencer,107.2,97.9,97.5,1,True,False,False,0.0,False,False,False,240.0,81.6,0.447,-25.6,,False,4669633.2,4669770.0,136.8,0,65535,65535,0,,,False,True,True,SYNC_UNCERTAIN,-2.6,103.078125,4669.77
de_dust2,6638,weapon_usp_silencer,110.4,142.2,81.5,1,True,False,False,0.0,False,False,False,240.0,81.6,0.46,-28.8,,False,4670273.8,4669960.4,-313.5,0,65535,0,65535,18.0,5.0,False,False,True,SYNC_UNCERTAIN,-452.7,103.71875,4669.9604
de_dust2,6758,weapon_usp_silencer,189.0,224.0,141.4,1,True,True,False,0.0,False,False,False,240.0,81.6,0.788,-107.4,,False,4672148.8,4672470.4,321.6,65535,65535,0,0,,,False,True,True,SYNC_UNCERTAIN,182.7,105.59375,4672.4704
de_dust2,6768,weapon_usp_silencer,15.6,6.7,49.3,1,True,False,False,0.0,False,False,False,240.0,81.6,0.065,66.0,,False,4672305.1,4672470.4,165.3,65535,65535,0,0,,,False,True,True,SYNC_UNCERTAIN,26.5,105.75,4672.4704
de_dust2,6782,weapon_usp_silencer,95.6,81.8,83.5,1,True,False,False,0.0,False,False,False,240.0,81.6,0.398,-14.0,,False,4672523.8,4672470.4,-53.4,0,65535,0,65535,11.0,0.0,False,False,True,SYNC_UNCERTAIN,-192.3,105.96875,4672.4704
de_dust2,9355,weapon_famas,74.8,75.5,110.0,1,True,True,False,1.0,False,False,False,220.0,74.8,0.34,0.0,True,True,4712727.0,4713050.7,323.7,65535,65535,0,41576,,,False,True,True,SYNC_UNCERTAIN,192.5,146.171875,4713.0507
de_dust2,9368,weapon_famas,74.8,74.8,75.0,1,True,False,False,1.0,False,False,False,220.0,74.8,0.34,0.0,True,True,4712930.1,4713050.7,120.6,65535,65535,0,0,,,False,True,True,SYNC_UNCERTAIN,-10.6,146.375,4713.0507
de_dust2,9379,weapon_famas,74.8,74.8,74.8,1,True,False,False,1.0,False,False,False,220.0,74.8,0.34,0.0,True,True,4713102.0,4713050.7,-51.3,65535,0,0,0,,,False,True,False,SYNC_UNCERTAIN,-182.4,146.546875,4713.0507
de_dust2,9389,weapon_famas,74.8,74.8,75.9,1,True,False,False,1.0,False,False,False,220.0,74.8,0.34,-0.0,False,True,4713258.2,4713245.4,-12.8,65535,0,0,0,,,True,True,False,FORWARD_BACK,-143.9,146.703125,4713.245400000001
de_dust2,9617,weapon_famas,37.0,43.7,95.5,1,True,True,False,0.0,False,False,False,220.0,74.8,0.168,37.8,True,True,4716820.7,4717136.3,315.6,65535,65535,0,0,,,False,True,True,SYNC_UNCERTAIN,185.1,150.265625,4717.1363
de_dust2,10751,weapon_famas,9.0,30.7,14.2,1,True,True,False,0.0,False,False,False,220.0,74.8,0.041,65.8,True,True,4734539.5,4734484.8,-54.7,0,65535,4997,65535,,,False,True,True,SYNC_UNCERTAIN,-181.8,167.984375,4734.4848
de_dust2,10803,weapon_famas,11.2,36.6,5.9,1,True,False,False,0.0,False,False,False,220.0,74.8,0.051,63.6,True,True,4735352.0,4735654.9,302.9,0,65535,0,65535,,,False,False,True,SYNC_UNCERTAIN,176.0,168.796875,4735.6549
de_dust2,10968,weapon_famas,182.9,178.5,103.7,1,True,True,False,0.0,False,False,False,220.0,74.8,0.831,-108.1,False,True,4737930.1,4738231.1,301.0,0,65535,0,65535,,,False,False,True,SYNC_UNCERTAIN,174.5,171.375,4738.2311
de_dust2,11069,weapon_famas,63.6,89.9,35.8,1,True,False,False,0.0,False,False,False,220.0,74.8,0.289,11.2,True,True,4739508.2,4739815.8,307.5,65535,65535,0,0,,,False,True,True,SYNC_UNCERTAIN,181.4,172.953125,4739.815799999999
de_dust2,12500,weapon_famas,28.9,46.6,78.6,1,True,True,False,0.0,False,False,False,220.0,74.8,0.132,45.9,True,True,4761867.6,4762167.8,300.2,0,0,0,65535,,,False,False,True,SYNC_UNCERTAIN,178.2,195.3125,4762.1678
de_dust2,14632,weapon_m4a1_silencer,33.6,53.5,18.3,1,True,True,False,0.0,False,False,False,225.0,76.5,0.149,42.9,True,True,4795180.1,4795457.8,277.7,65535,65535,0,65535,0.0,0.0,False,True,True,SYNC_UNCERTAIN,162.0,228.625,4795.4578
de_dust2,14654,weapon_m4a1_silencer,17.7,43.5,68.4,1,True,False,False,0.0,False,False,False,225.0,76.5,0.079,58.8,True,True,4795523.8,4795457.8,-66.1,0,65535,0,65535,7.0,62.0,False,False,True,SYNC_UNCERTAIN,-181.7,228.96875,4795.4578
de_dust2,14668,weapon_m4a1_silencer,62.3,84.2,21.9,1,True,False,False,0.0,False,False,False,225.0,76.5,0.277,14.2,True,True,4795742.6,4795796.0,53.4,0,65535,0,65535,,,False,False,True,SYNC_UNCERTAIN,-62.2,229.1875,4795.796
de_dust2,14678,weapon_m4a1_silencer,41.9,29.0,3.0,1,True,False,False,0.0,False,False,False,225.0,76.5,0.186,34.6,True,True,4795898.8,4795796.0,-102.9,0,65535,0,65535,,,False,False,True,SYNC_UNCERTAIN,-218.4,229.34375,4795.796
de_dust2,14687,weapon_m4a1_silencer,46.5,33.7,10.0,1,True,False,False,0.0,False,False,False,225.0,76.5,0.207,30.0,True,True,4796039.5,4796010.1,-29.3,0,65535,0,65535,15.0,11.0,True,False,True,COUNTER_CLEAN,-144.9,229.484375,4796.0100999999995
de_dust2,14699,weapon_m4a1_silencer,7.4,14.0,13.0,1,True,False,False,0.0,False,False,False,225.0,76.5,0.033,69.1,True,True,4796227.0,4796164.9,-62.0,0,65535,0,65535,,,False,False,True,SYNC_UNCERTAIN,-177.5,229.671875,4796.164900000001
de_dust2,14712,weapon_m4a1_silencer,21.9,2.6,3.5,1,True,False,False,0.0,False,False,False,225.0,76.5,0.097,54.6,True,True,4796430.1,4796506.3,76.2,0,65535,0,65535,10.0,0.0,False,False,True,SYNC_UNCERTAIN,-39.2,229.875,4796.5063
de_dust2,14724,weapon_m4a1_silencer,6.4,20.7,40.2,1,True,False,False,0.0,False,False,False,225.0,76.5,0.029,70.1,True,True,4796617.6,4796699.0,81.4,0,65535,0,65535,10.0,0.0,False,False,True,SYNC_UNCERTAIN,-34.0,230.0625,4796.699
de_dust2,14895,weapon_m4a1_silencer,55.5,65.7,100.7,1,True,True,False,0.0,False,False,False,225.0,76.5,0.247,21.0,True,True,4799289.5,4799563.7,274.2,65535,65535,0,65535,272.0,0.0,False,True,True,SYNC_UNCERTAIN,159.3,232.734375,4799.563700000001
de_dust2,14965,weapon_m4a1_silencer,175.9,185.6,146.7,1,True,True,False,0.0,False,False,False,225.0,76.5,0.782,-99.4,False,True,4800383.2,4800656.0,272.7,65535,65535,0,0,,,False,True,True,SYNC_UNCERTAIN,158.1,233.828125,4800.656
de_dust2,15006,weapon_m4a1_silencer,173.5,177.6,107.8,1,True,False,False,0.0,False,False,False,225.0,76.5,0.771,-97.0,False,True,4801023.8,4801292.0,268.2,65535,65535,0,65535,30.0,0.0,False,True,True,SYNC_UNCERTAIN,153.6,234.46875,4801.292
de_dust2,15045,weapon_m4a1_silencer,164.4,177.0,112.4,1,True,False,False,0.0,False,False,False,225.0,76.5,0.731,-87.9,False,True,4801633.2,4801899.5,266.3,65535,65535,0,65535,11.0,0.0,False,True,True,SYNC_UNCERTAIN,151.8,235.078125,4801.8995
de_dust2,15075,weapon_m4a1_silencer,80.2,108.4,64.1,1,True,False,False,0.0,False,False,False,225.0,76.5,0.357,-3.7,False,True,4802102.0,4801899.5,-202.5,60538,65535,0,65535,,,False,True,True,SYNC_UNCERTAIN,-316.8,235.546875,4801.8995
de_dust2,15424,weapon_m4a1_silencer,40.6,27.9,32.3,1,True,True,False,0.0,False,False,False,225.0,76.5,0.181,35.9,True,True,4807555.1,4807827.5,272.4,0,17040,65535,65535,,,False,True,True,SYNC_UNCERTAIN,159.1,241.0,4807.8275
de_dust2,15459,weapon_m4a1_silencer,127.2,144.4,57.2,1,True,False,False,0.0,False,False,False,225.0,76.5,0.565,-50.7,False,True,4808102.0,4808368.2,266.3,0,65535,0,65535,15.0,14.0,False,False,True,SYNC_UNCERTAIN,153.0,241.546875,4808.3682
de_dust2,15531,weapon_m4a1_silencer,206.9,206.6,205.9,1,True,True,False,0.0,False,False,False,225.0,76.5,0.919,-130.4,False,True,4809227.0,4809488.6,261.6,0,0,65535,65535,,,False,True,True,SYNC_UNCERTAIN,148.6,242.671875,4809.4886
de_dust2,15826,weapon_m4a1_silencer,15.3,27.8,20.3,1,True,True,False,0.0,False,False,False,225.0,76.5,0.068,61.2,True,True,4813836.3,4814093.1,256.8,0,65535,0,65535,,,False,False,True,SYNC_UNCERTAIN,144.6,247.28125,4814.0931
de_dust2,15840,weapon_m4a1_silencer,8.2,0.0,59.2,1,True,False,False,0.0,False,False,False,225.0,76.5,0.037,68.3,True,True,4814055.1,4814093.1,38.0,0,65535,0,65535,,,False,False,True,SYNC_UNCERTAIN,-74.1,247.5,4814.0931
de_dust2,15863,weapon_m4a1_silencer,57.6,84.1,69.3,1,True,False,False,0.0,False,False,False,225.0,76.5,0.256,18.9,True,True,4814414.5,4814318.3,-96.2,0,65535,0,65535,64.0,0.0,False,False,True,SYNC_UNCERTAIN,-208.2,247.859375,4814.3183
de_dust2,15874,weapon_m4a1_silencer,0.0,0.0,14.4,1,True,False,False,0.0,False,False,False,225.0,76.5,0.0,76.5,True,True,4814586.3,4814681.1,94.7,0,65535,0,65535,42.0,0.0,False,False,True,SYNC_UNCERTAIN,-17.3,248.03125,4814.6811
de_dust2,15883,weapon_m4a1_silencer,0.0,2.0,9.7,1,True,False,False,0.0,False,False,False,225.0,76.5,0.0,76.5,True,True,4814727.0,4814681.1,-45.9,0,65535,0,65535,,,False,False,True,SYNC_UNCERTAIN,-157.9,248.171875,4814.6811
de_dust2,15894,weapon_m4a1_silencer,6.9,0.0,18.1,1,True,False,False,0.0,False,False,False,225.0,76.5,0.031,69.6,True,True,4814898.8,4814841.8,-57.1,0,65535,0,65535,,,False,False,True,SYNC_UNCERTAIN,-169.0,248.34375,4814.8418
de_dust2,15904,weapon_m4a1_silencer,0.0,0.6,53.1,1,True,False,False,0.0,False,False,False,225.0,76.5,0.0,76.5,True,True,4815055.1,4814997.6,-57.5,0,0,0,65535,,,False,False,True,SYNC_UNCERTAIN,-169.4,248.5,4814.9976
de_dust2,17496,weapon_m4a1_silencer,0.0,0.0,11.5,1,True,True,False,0.0,False,False,False,225.0,76.5,0.0,76.5,True,True,4839930.1,4840176.3,246.2,0,0,0,0,,,False,False,False,SYNC_UNCERTAIN,139.0,273.375,4840.1763
de_dust2,25361,weapon_m4a1_silencer,50.6,50.2,52.0,1,True,True,False,1.0,False,False,False,225.0,76.5,0.225,25.9,True,True,4962820.7,4963024.0,203.3,65535,65535,0,65535,,,False,True,True,SYNC_UNCERTAIN,119.2,396.265625,4963.024
de_dust2,26239,weapon_m4a1_silencer,0.0,0.0,5.7,1,True,True,False,0.0,False,False,False,225.0,76.5,0.0,76.5,True,True,4976539.5,4976740.2,200.7,0,65535,0,65535,,,False,False,True,SYNC_UNCERTAIN,119.3,409.984375,4976.7402
de_dust2,27193,weapon_m4a1_silencer,32.8,56.4,75.1,1,True,True,False,0.0,False,False,False,225.0,76.5,0.146,43.7,True,True,4991445.7,4991640.3,194.6,65535,0,0,65535,,,False,True,True,SYNC_UNCERTAIN,115.9,424.890625,4991.6403
de_dust2,27206,weapon_m4a1_silencer,0.0,0.0,27.9,1,True,False,False,0.0,False,False,False,225.0,76.5,0.0,76.5,True,True,4991648.8,4991640.3,-8.6,0,65535,0,65535,,,True,False,True,RELEASE_NO_COUNTER,-87.2,425.09375,4991.6403
de_dust2,27212,weapon_m4a1_silencer,5.9,0.0,50.3,1,True,False,False,0.0,False,False,False,225.0,76.5,0.026,70.6,True,True,4991742.6,4991801.9,59.3,0,65535,0,65535,,,False,False,True,SYNC_UNCERTAIN,-19.3,425.1875,4991.8019
de_dust2,27913,weapon_ak47,0.0,9.0,58.5,1,True,True,False,0.0,False,False,False,215.0,73.1,0.0,73.1,True,True,5002695.7,5002877.3,181.5,0,65535,0,65535,,,False,False,True,SYNC_UNCERTAIN,105.1,436.140625,5002.8773
de_dust2,30267,weapon_ak47,0.0,0.0,0.0,1,True,True,False,0.0,False,False,False,215.0,73.1,0.0,73.1,True,True,5039477.0,5039640.0,163.0,0,0,0,0,,,False,False,False,SYNC_UNCERTAIN,93.4,472.921875,5039.64
de_dust2,30412,weapon_ak47,191.9,189.5,175.5,1,True,False,False,0.0,False,False,False,215.0,73.1,0.893,-118.8,False,True,5041742.6,5041914.1,171.5,0,65535,65471,65535,21.0,20.0,False,True,True,SYNC_UNCERTAIN,102.3,475.1875,5041.9141
de_dust2,32722,weapon_deagle,138.2,150.3,145.1,1,True,True,False,0.645,False,False,False,230.0,78.2,0.601,-60.0,,False,5077836.3,5077992.3,156.0,0,65535,0,0,,,False,False,True,SYNC_UNCERTAIN,93.6,511.28125,5077.9923
de_dust2,32754,weapon_deagle,74.6,74.2,74.6,1,True,False,False,1.0,False,False,False,230.0,78.2,0.324,3.6,,False,5078336.3,5078491.0,154.7,65535,65535,0,0,,,False,True,True,SYNC_UNCERTAIN,92.4,511.78125,5078.491
de_dust2,40371,weapon_m4a1_silencer,0.0,0.0,49.1,1,True,True,False,0.0,False,False,False,225.0,76.5,0.0,76.5,True,True,5197352.0,5197448.8,96.9,0,65535,0,65535,,,False,False,True,SYNC_UNCERTAIN,57.0,630.796875,5197.4488
de_dust2,40898,weapon_m4a1_silencer,201.9,217.8,138.9,1,True,True,False,0.0,False,False,False,225.0,76.5,0.897,-125.4,False,True,5205586.3,5205665.4,79.1,65535,0,0,65535,,,False,True,True,SYNC_UNCERTAIN,40.8,639.03125,5205.665400000001
de_dust2,46520,weapon_usp_silencer,240.0,240.0,237.0,1,True,True,False,0.0,False,False,False,240.0,81.6,1.0,-158.4,,False,5293430.1,5293478.8,48.7,65535,0,0,65535,,,False,True,True,SYNC_UNCERTAIN,27.0,726.875,5293.4788
de_dust2,47367,weapon_famas,66.2,55.0,48.2,1,True,True,False,0.0,False,False,False,220.0,74.8,0.301,8.6,True,True,5306664.5,5306714.3,49.8,65535,65535,0,65535,7.0,3.0,False,True,True,SYNC_UNCERTAIN,30.6,740.109375,5306.7143
de_dust2,47393,weapon_famas,76.4,83.1,30.8,1,True,False,False,0.0,False,False,False,220.0,74.8,0.347,-1.6,False,True,5307070.7,5307118.1,47.4,65535,65535,0,65535,20.0,5.0,False,True,True,SYNC_UNCERTAIN,28.3,740.515625,5307.1181
de_dust2,52236,weapon_awp,0.0,0.0,45.9,1,True,True,False,0.0,False,False,False,200.0,68.0,0.0,68.0,,False,5382742.6,5382749.1,6.5,0,65535,0,65535,0.0,19.0,True,False,True,COUNTER_CLEAN,1.7,816.1875,5382.7491
de_dust2,54136,weapon_ssg08,105.4,136.3,110.6,1,True,True,False,0.0,False,False,False,230.0,78.2,0.458,-27.2,,False,5412430.1,5412429.1,-1.0,0,65535,0,65535,,,True,False,True,RELEASE_NO_COUNTER,-0.2,845.875,5412.429099999999
de_dust2,54732,weapon_ssg08,19.5,26.6,100.7,1,True,True,False,0.0,False,False,False,230.0,78.2,0.085,58.7,,False,5421742.6,5421743.7,1.1,0,65535,65535,65535,0.0,11.0,True,True,True,COUNTER_CLEAN,3.6,855.1875,5421.7437
de_dust2,54834,weapon_ssg08,34.6,21.5,10.7,1,True,True,False,0.0,False,False,False,230.0,78.2,0.151,43.6,,False,5423336.3,5423331.3,-5.0,44907,65535,0,65535,,,True,True,True,DIAGONAL,-2.2,856.78125,5423.3313
de_dust2,54917,weapon_ssg08,19.0,5.5,28.5,1,True,True,False,0.0,False,False,False,230.0,78.2,0.083,59.2,,False,5424633.2,5424618.1,-15.1,65535,65535,0,65535,,,True,True,True,DIAGONAL,-12.0,858.078125,5424.6181
de_dust2,57379,weapon_ssg08,145.3,136.6,63.7,1,True,True,False,0.0,False,False,False,230.0,78.2,0.632,-67.1,,False,5463102.0,5463085.4,-16.6,0,65535,0,65535,7.0,23.0,True,False,True,COUNTER_CLEAN,-6.2,896.546875,5463.0854
de_dust2,59035,weapon_ssg08,104.8,125.7,60.3,1,True,True,False,0.0,False,False,False,230.0,78.2,0.456,-26.6,,False,5488977.0,5488937.9,-39.0,0,65535,65535,65535,12.0,0.0,False,True,True,SYNC_UNCERTAIN,-23.9,922.421875,5488.937900000001
de_dust2,59156,weapon_ssg08,45.9,72.3,4.4,1,True,True,False,0.0,False,False,False,230.0,78.2,0.199,32.3,,False,5490867.6,5490833.4,-34.2,0,65535,0,65535,,,False,False,True,SYNC_UNCERTAIN,-18.6,924.3125,5490.8334
de_dust2,59435,weapon_ssg08,21.8,2.0,27.3,1,True,True,False,0.0,False,False,False,230.0,78.2,0.095,56.4,,False,5495227.0,5495184.3,-42.7,0,65535,0,65535,7.0,44.0,False,False,True,SYNC_UNCERTAIN,-26.3,928.671875,5495.1843
de_dust2,61661,weapon_ssg08,13.0,13.9,105.2,1,True,True,False,0.0,False,False,False,230.0,78.2,0.057,65.2,,False,5530008.2,5529943.2,-65.0,0,65535,0,65535,,,False,False,True,SYNC_UNCERTAIN,-42.1,963.453125,5529.943200000001
de_dust2,62007,weapon_ssg08,0.0,0.0,43.7,1,True,True,False,0.0,False,False,False,230.0,78.2,0.0,78.2,,False,5535414.5,5535358.6,-55.9,0,65535,0,65535,34.0,0.0,False,False,True,SYNC_UNCERTAIN,-31.9,968.859375,5535.3586
de_dust2,62178,weapon_ssg08,20.0,26.5,18.6,1,True,True,False,0.0,False,False,False,230.0,78.2,0.087,58.2,,False,5538086.3,5538030.7,-55.6,0,65535,0,65535,40.0,1.0,False,False,True,SYNC_UNCERTAIN,-31.2,971.53125,5538.0307
de_dust2,63076,weapon_ssg08,45.5,32.8,40.5,1,True,True,False,0.0,False,False,False,230.0,78.2,0.198,32.7,,False,5552117.6,5552039.4,-78.2,0,65535,0,65535,,,False,False,True,SYNC_UNCERTAIN,-51.1,985.5625,5552.039400000001
de_dust2,63275,weapon_ssg08,24.3,13.8,53.3,1,True,True,False,0.0,False,False,False,230.0,78.2,0.106,53.9,,False,5555227.0,5555153.1,-73.8,0,65535,65535,65535,,,False,True,True,SYNC_UNCERTAIN,-46.2,988.671875,5555.1530999999995
de_dust2,63365,weapon_ssg08,106.4,105.0,67.2,1,True,True,False,0.0,False,False,False,230.0,78.2,0.463,-28.2,,False,5556633.2,5556564.8,-68.5,65535,65535,65535,0,,,False,True,True,SYNC_UNCERTAIN,-40.4,990.078125,5556.5648
de_dust2,63457,weapon_ssg08,30.8,16.0,53.6,1,True,True,False,0.0,False,False,False,230.0,78.2,0.134,47.4,,False,5558070.7,5557990.7,-80.0,0,65535,65535,65535,,,False,True,True,SYNC_UNCERTAIN,-51.8,991.515625,5557.9907
de_dust2,63544,weapon_ssg08,140.7,150.4,104.1,1,True,True,False,0.0,False,False,False,230.0,78.2,0.612,-62.5,,False,5559430.1,5559363.3,-66.8,65535,65535,0,0,,,False,True,True,SYNC_UNCERTAIN,-38.3,992.875,5559.3633
de_dust2,63626,weapon_ssg08,16.9,21.9,41.7,1,True,True,False,0.0,False,False,False,230.0,78.2,0.074,61.3,,False,5560711.3,5560642.1,-69.3,65535,65535,12492,65535,,,False,True,True,SYNC_UNCERTAIN,-40.5,994.15625,5560.6421
de_dust2,64593,weapon_ssg08,32.8,18.7,55.4,1,True,True,False,0.0,False,False,False,230.0,78.2,0.143,45.4,,False,5575820.7,5575741.6,-79.1,0,65535,65535,65535,0.0,0.0,False,True,True,SYNC_UNCERTAIN,-47.5,1009.265625,5575.741599999999
de_dust2,65971,weapon_ssg08,87.7,74.5,78.3,1,True,True,False,0.0,False,False,False,230.0,78.2,0.381,-9.5,,False,5597352.0,5597263.7,-88.3,65535,65535,0,65535,14.0,33.0,False,True,True,SYNC_UNCERTAIN,-52.6,1030.796875,5597.2637
de_dust2,66108,weapon_ssg08,18.8,45.1,37.1,1,True,True,False,0.0,False,False,False,230.0,78.2,0.082,59.4,,False,5599492.6,5599404.5,-88.1,0,65535,0,65535,,,False,False,True,SYNC_UNCERTAIN,-52.0,1032.9375,5599.4045
de_dust2,66309,weapon_ssg08,9.9,21.4,88.3,1,True,True,False,0.0,False,False,False,230.0,78.2,0.043,68.3,,False,5602633.2,5602540.8,-92.4,0,65535,0,65535,,,False,False,True,SYNC_UNCERTAIN,-55.8,1036.078125,5602.5408
de_dust2,66509,weapon_ssg08,137.7,152.0,117.7,1,True,True,False,0.0,False,False,False,230.0,78.2,0.599,-59.5,,False,5605758.2,5605652.3,-105.9,65535,65535,0,65535,0.0,0.0,False,True,True,SYNC_UNCERTAIN,-68.7,1039.203125,5605.6523
de_dust2,66634,weapon_ssg08,230.0,230.0,184.8,1,True,True,False,0.0,True,False,False,230.0,78.2,1.0,-151.8,,False,5607711.3,5607594.6,-116.8,65535,65535,65535,0,,,False,True,True,SYNC_UNCERTAIN,-79.1,1041.15625,5607.594599999999
de_dust2,66845,weapon_m4a1_silencer,50.2,43.0,81.2,1,True,True,False,0.0,False,False,False,225.0,76.5,0.223,26.3,True,True,5611008.2,5610900.0,-108.2,65535,65535,0,65535,0.0,0.0,False,True,True,SYNC_UNCERTAIN,-70.0,1044.453125,5610.9
de_dust2,69417,weapon_awp,5.2,9.3,12.8,1,True,True,False,0.0,False,False,False,200.0,68.0,0.026,62.8,,False,5651195.7,5651077.1,-118.6,65535,65535,0,65535,,,False,True,True,SYNC_UNCERTAIN,-72.8,1084.640625,5651.0770999999995
de_dust2,76238,weapon_ssg08,0.0,3.3,89.9,1,True,True,False,0.0,False,False,False,230.0,78.2,0.0,78.2,,False,5757773.8,5757617.9,-155.9,65535,65535,0,65535,,,False,True,True,SYNC_UNCERTAIN,-90.0,1191.21875,5757.6179
de_dust2,76371,weapon_ssg08,69.7,97.3,98.4,1,True,True,False,0.0,False,False,False,230.0,78.2,0.303,8.5,,False,5759852.0,5759703.8,-148.2,0,65535,0,65535,2.0,0.0,False,False,True,SYNC_UNCERTAIN,-81.9,1193.296875,5759.7038
de_dust2,76485,weapon_ssg08,44.2,44.7,49.8,1,True,True,False,0.0,False,False,False,230.0,78.2,0.192,34.0,,False,5761633.2,5761474.3,-158.9,0,65535,0,65535,45.0,6.0,False,False,True,SYNC_UNCERTAIN,-92.3,1195.078125,5761.4743
de_dust2,76579,weapon_ssg08,0.0,0.0,54.3,1,True,True,False,0.0,False,False,False,230.0,78.2,0.0,78.2,,False,5763102.0,5762948.8,-153.1,0,65535,65535,65535,,,False,True,True,SYNC_UNCERTAIN,-86.2,1196.546875,5762.9488
de_dust2,76996,weapon_ssg08,96.7,126.7,118.7,1,True,True,False,0.0,False,False,False,230.0,78.2,0.421,-18.5,,False,5769617.6,5769464.5,-153.1,65535,65535,0,65535,1.0,12.0,False,True,True,SYNC_UNCERTAIN,-84.9,1203.0625,5769.4645
de_dust2,79440,weapon_ssg08,152.8,144.8,130.5,1,True,True,False,0.0,False,False,False,230.0,78.2,0.664,-74.6,,False,5807805.1,5807630.4,-174.7,0,65535,0,0,,,False,False,True,SYNC_UNCERTAIN,-99.3,1241.25,5807.6304
de_dust2,79554,weapon_ssg08,44.6,34.4,51.4,1,True,True,False,0.0,False,False,False,230.0,78.2,0.194,33.6,,False,5809586.3,5809411.8,-174.6,65535,65535,0,65535,,,False,True,True,SYNC_UNCERTAIN,-98.9,1243.03125,5809.4118
de_dust2,80992,weapon_ak47,77.1,84.0,66.6,1,True,True,False,0.0,False,False,False,215.0,73.1,0.359,-4.0,False,True,5832055.1,5832192.7,137.6,65535,37220,0,65535,15.0,0.0,False,True,True,SYNC_UNCERTAIN,217.5,1265.5,5832.1927000000005
de_dust2,81013,weapon_ak47,0.0,0.0,4.1,1,True,False,False,0.0,False,False,False,215.0,73.1,0.0,73.1,True,True,5832383.2,5832401.5,18.3,0,0,0,0,,,True,False,False,STATIONARY,98.3,1265.828125,5832.4015
de_dust2,81026,weapon_ak47,0.0,0.0,22.5,1,True,False,False,0.0,False,False,False,215.0,73.1,0.0,73.1,True,True,5832586.3,5832401.5,-184.8,65535,12940,0,0,,,False,True,True,SYNC_UNCERTAIN,-104.8,1266.03125,5832.4015
de_dust2,85702,weapon_glock,163.8,186.4,108.3,1,True,True,False,0.0,False,False,False,240.0,81.6,0.682,-82.2,,False,5905648.8,5905746.0,97.2,65535,65535,0,65535,0.0,48.0,False,True,True,SYNC_UNCERTAIN,191.0,1339.09375,5905.746
de_dust2,85722,weapon_glock,169.4,162.8,153.0,1,True,False,False,0.0,False,False,False,240.0,81.6,0.706,-87.8,,False,5905961.3,5905746.0,-215.3,65535,65535,0,0,,,False,True,True,SYNC_UNCERTAIN,-121.5,1339.40625,5905.746
de_dust2,86150,weapon_glock,80.7,71.8,54.9,1,True,True,False,0.0,False,False,False,240.0,81.6,0.336,0.9,,False,5912648.8,5912681.9,33.0,65535,65535,0,65535,,,False,True,True,SYNC_UNCERTAIN,128.2,1346.09375,5912.6819000000005
de_dust2,86167,weapon_glock,4.5,29.2,20.0,1,True,False,False,0.0,False,False,False,240.0,81.6,0.019,77.1,,False,5912914.5,5912998.3,83.8,0,65535,0,65535,,,False,False,True,SYNC_UNCERTAIN,179.0,1346.359375,5912.9983
de_dust2,86187,weapon_glock,40.4,40.1,18.4,1,True,False,False,0.904,False,False,False,240.0,81.6,0.168,41.2,,False,5913227.0,5913252.3,25.4,0,65535,0,65535,33.0,0.0,True,False,True,COUNTER_CLEAN,120.6,1346.671875,5913.2523
de_dust2,86203,weapon_glock,10.0,9.1,7.0,1,True,False,False,1.0,False,False,False,240.0,81.6,0.041,71.6,,False,5913477.0,5913487.9,10.9,0,3523,0,65535,,,True,False,True,RELEASE_NO_COUNTER,106.2,1346.921875,5913.4879
de_dust2,86218,weapon_glock,22.1,21.3,22.4,1,True,False,False,1.0,False,False,False,240.0,81.6,0.092,59.5,,False,5913711.3,5913673.3,-38.1,0,0,0,65535,,,False,False,True,SYNC_UNCERTAIN,57.3,1347.15625,5913.6732999999995
de_dust2,86230,weapon_glock,31.7,30.8,32.1,1,True,False,False,1.0,False,False,False,240.0,81.6,0.132,49.9,,False,5913898.8,5913944.6,45.8,0,0,0,65535,,,False,False,True,SYNC_UNCERTAIN,141.1,1347.34375,5913.9446
de_dust2,86247,weapon_glock,45.2,44.5,66.8,1,True,False,False,0.212,False,False,False,240.0,81.6,0.188,36.4,,False,5914164.5,5914227.1,62.6,0,65535,0,65535,,,False,False,True,SYNC_UNCERTAIN,158.0,1347.609375,5914.2271
de_dust2,86266,weapon_glock,22.9,8.7,38.2,1,True,False,False,0.0,False,False,False,240.0,81.6,0.095,58.7,,False,5914461.3,5914468.7,7.3,0,65535,0,65535,37.0,27.0,True,False,True,COUNTER_CLEAN,102.8,1347.90625,5914.4687
de_dust2,86281,weapon_glock,8.6,12.1,21.4,1,True,False,False,0.0,False,False,False,240.0,81.6,0.036,73.0,,False,5914695.7,5914468.7,-227.1,65535,65535,0,65535,,,False,True,True,SYNC_UNCERTAIN,-131.5,1348.140625,5914.4687
de_dust2,86651,weapon_glock,233.4,233.6,199.7,1,True,True,False,0.0,False,False,False,240.0,81.6,0.972,-151.8,,False,5920477.0,5920523.2,46.3,65535,65535,0,65535,9.0,34.0,False,True,True,SYNC_UNCERTAIN,142.8,1353.921875,5920.5232000000005
de_dust2,86668,weapon_glock,105.5,101.3,96.7,1,True,False,False,0.0,False,False,False,240.0,81.6,0.44,-23.9,,False,5920742.6,5920787.9,45.3,65535,65535,0,65535,,,False,True,True,SYNC_UNCERTAIN,142.0,1354.1875,5920.7879
de_dust2,86678,weapon_glock,45.2,37.7,64.4,1,True,False,False,0.0,False,False,False,240.0,81.6,0.188,36.4,,False,5920898.8,5920962.3,63.4,0,65535,0,65535,0.0,0.0,False,False,True,SYNC_UNCERTAIN,160.1,1354.34375,5920.9623
de_dust2,86687,weapon_glock,150.1,140.9,124.2,1,True,False,False,0.0,False,False,False,240.0,81.6,0.625,-68.5,,False,5921039.5,5921111.7,72.2,0,0,0,65535,,,False,False,True,SYNC_UNCERTAIN,168.9,1354.484375,5921.1117
de_dust2,86697,weapon_glock,209.3,205.4,164.0,1,True,False,False,0.0,False,False,False,240.0,81.6,0.872,-127.7,,False,5921195.7,5921223.5,27.7,0,65535,0,65535,,,True,False,True,RELEASE_NO_COUNTER,124.5,1354.640625,5921.2235
de_dust2,86707,weapon_glock,185.6,204.2,95.6,1,True,False,False,0.0,False,False,False,240.0,81.6,0.774,-104.0,,False,5921352.0,5921223.5,-128.5,0,65535,0,65535,0.0,35.0,False,False,True,SYNC_UNCERTAIN,-31.7,1354.796875,5921.2235
de_dust2,86716,weapon_glock,43.9,29.8,4.6,1,True,False,False,0.0,False,False,False,240.0,81.6,0.183,37.7,,False,5921492.6,5921223.5,-269.1,65535,65535,0,65535,,,False,True,True,SYNC_UNCERTAIN,-172.3,1354.9375,5921.2235
de_dust2,89269,weapon_galilar,203.8,206.5,129.5,1,True,True,False,0.0,False,False,False,215.0,73.1,0.948,-130.7,False,True,5961383.2,5961143.5,-239.8,65535,65535,0,65535,26.0,0.0,False,True,True,SYNC_UNCERTAIN,-135.4,1394.828125,5961.1435
de_dust2,89348,weapon_galilar,110.6,140.4,110.7,1,True,False,False,0.0,False,False,False,215.0,73.1,0.515,-37.5,False,True,5962617.6,5962375.9,-241.7,0,65535,0,65535,,,False,False,True,SYNC_UNCERTAIN,-137.1,1396.0625,5962.3759
de_dust2,89411,weapon_galilar,145.2,176.8,109.8,1,True,False,False,0.0,False,False,False,215.0,73.1,0.675,-72.1,False,True,5963602.0,5963360.1,-241.9,0,65535,0,65535,,,False,False,True,SYNC_UNCERTAIN,-137.1,1397.046875,5963.3601
de_dust2,90614,weapon_galilar,132.4,163.2,129.6,1,True,True,False,0.0,False,False,False,215.0,73.1,0.616,-59.3,False,True,5982398.8,5982159.0,-239.8,65535,65535,0,65535,,,False,True,True,SYNC_UNCERTAIN,-131.6,1415.84375,5982.159
de_dust2,90792,weapon_galilar,70.8,58.8,21.9,1,True,True,False,0.0,False,False,False,215.0,73.1,0.329,2.3,True,True,5985180.1,5985124.0,-56.1,0,65535,0,65535,0.0,0.0,False,False,True,SYNC_UNCERTAIN,52.7,1418.625,5985.124
de_dust2,90804,weapon_galilar,0.0,8.3,1.1,1,True,False,False,0.0,False,False,False,215.0,73.1,0.0,73.1,True,True,5985367.6,5985281.6,-86.0,0,0,0,65535,,,False,False,True,SYNC_UNCERTAIN,22.9,1418.8125,5985.281599999999
de_dust2,90814,weapon_galilar,0.0,0.0,45.9,1,True,False,False,0.0,False,False,False,215.0,73.1,0.0,73.1,True,True,5985523.8,5985491.6,-32.2,0,65535,0,65535,,,False,False,True,SYNC_UNCERTAIN,76.6,1418.96875,5985.491599999999
de_dust2,90828,weapon_galilar,139.7,137.6,48.6,1,True,False,False,0.0,False,False,False,215.0,73.1,0.65,-66.6,False,True,5985742.6,5985491.6,-251.0,0,65535,65535,65535,28.0,27.0,False,True,True,SYNC_UNCERTAIN,-142.1,1419.1875,5985.491599999999
de_dust2,90928,weapon_galilar,17.8,11.2,26.7,1,True,True,False,0.0,False,False,False,215.0,73.1,0.083,55.3,True,True,5987305.1,5987063.2,-241.9,65535,65535,0,65535,,,False,True,True,SYNC_UNCERTAIN,-132.7,1420.75,5987.0632000000005
de_dust2,91186,weapon_galilar,0.0,0.0,47.7,1,True,True,False,0.0,False,False,False,215.0,73.1,0.0,73.1,True,True,5991336.3,5991296.6,-39.7,65535,65535,0,65535,44.0,10.0,False,True,True,SYNC_UNCERTAIN,70.2,1424.78125,5991.2966
de_dust2,91200,weapon_galilar,0.0,0.0,17.2,1,True,False,False,0.0,False,False,False,215.0,73.1,0.0,73.1,True,True,5991555.1,5991422.6,-132.5,65535,65535,0,65535,,,False,True,True,SYNC_UNCERTAIN,-22.5,1425.0,5991.4226
de_dust2,91208,weapon_galilar,54.6,54.1,24.6,1,True,False,False,0.0,False,False,False,215.0,73.1,0.254,18.5,True,True,5991680.1,5991422.6,-257.5,65535,65535,0,65535,,,False,True,True,SYNC_UNCERTAIN,-147.5,1425.125,5991.4226
de_dust2,93545,weapon_galilar,80.8,68.8,42.6,1,True,True,False,0.0,False,False,False,215.0,73.1,0.376,-7.7,False,True,6028195.7,6028365.3,169.6,0,65535,0,65535,12.0,0.0,False,False,True,SYNC_UNCERTAIN,286.5,1461.640625,6028.3652999999995
de_dust2,93573,weapon_galilar,2.8,0.0,19.1,1,True,False,False,0.0,False,False,False,215.0,73.1,0.013,70.3,True,True,6028633.2,6028365.3,-267.9,65535,65535,0,65535,77.0,51.0,False,True,True,SYNC_UNCERTAIN,-150.9,1462.078125,6028.3652999999995
de_dust2,93619,weapon_galilar,86.3,207.4,113.2,1,True,False,False,0.0,False,False,False,215.0,73.1,0.402,-13.2,False,True,6029352.0,6029084.9,-267.0,65535,65535,0,65535,,,False,True,True,SYNC_UNCERTAIN,-149.9,1462.796875,6029.084900000001
de_dust2,93769,weapon_galilar,209.8,208.5,140.7,1,True,True,False,0.0,False,False,False,215.0,73.1,0.976,-136.7,False,True,6031695.7,6031428.4,-267.4,65535,65535,0,65535,0.0,6.0,False,True,True,SYNC_UNCERTAIN,-149.7,1465.140625,6031.428400000001
de_dust2,94564,weapon_galilar,0.0,0.0,16.3,1,True,True,False,0.0,False,False,False,215.0,73.1,0.0,73.1,True,True,6044117.6,6043838.0,-279.6,0,1537,0,65535,,,False,False,True,SYNC_UNCERTAIN,-159.7,1477.5625,6043.838
de_dust2,94818,weapon_galilar,87.5,97.3,65.1,1,True,True,False,0.0,False,False,False,215.0,73.1,0.407,-14.4,False,True,6048086.3,6047800.1,-286.2,0,56951,65535,65535,32.0,0.0,False,True,True,SYNC_UNCERTAIN,-165.6,1481.53125,6047.8000999999995
de_dust2,94903,weapon_galilar,28.0,51.4,21.3,1,True,False,False,0.0,False,False,False,215.0,73.1,0.13,45.1,True,True,6049414.5,6049131.0,-283.5,65535,65535,0,65535,12.0,21.0,False,True,True,SYNC_UNCERTAIN,-162.5,1482.859375,6049.131
de_dust2,95656,weapon_galilar,83.3,84.6,36.9,1,True,True,False,0.0,False,False,False,215.0,73.1,0.387,-10.2,False,True,6061180.1,6060874.5,-305.6,65535,65535,65535,65535,,,False,True,True,SYNC_UNCERTAIN,-182.4,1494.625,6060.8745
de_dust2,98756,weapon_m4a1_silencer,123.2,113.0,48.0,1,True,True,False,0.0,False,False,False,225.0,76.5,0.547,-46.7,False,True,6109617.6,6109519.2,-98.4,0,65535,0,65535,,,False,False,True,SYNC_UNCERTAIN,33.9,1543.0625,6109.519200000001
de_dust2,98770,weapon_m4a1_silencer,0.0,0.0,26.3,1,True,False,False,0.0,False,False,False,225.0,76.5,0.0,76.5,True,True,6109836.3,6109939.0,102.6,0,65535,0,0,,,False,False,True,SYNC_UNCERTAIN,235.0,1543.28125,6109.939
de_dust2,98783,weapon_m4a1_silencer,0.0,0.0,0.2,1,True,False,False,0.0,False,False,False,225.0,76.5,0.0,76.5,True,True,6110039.5,6110076.0,36.5,0,65535,0,0,,,False,False,True,SYNC_UNCERTAIN,168.9,1543.484375,6110.076
de_dust2,104046,weapon_ak47,133.8,156.2,115.2,1,True,True,False,0.0,False,False,False,215.0,73.1,0.622,-60.7,False,True,6192273.8,6191928.8,-345.1,65535,65535,0,65535,17.0,23.0,False,True,True,SYNC_UNCERTAIN,-197.2,1625.71875,6191.9288
de_dust2,104145,weapon_ak47,6.2,0.7,0.7,1,True,True,False,1.0,False,False,False,215.0,73.1,0.029,66.9,True,True,6193820.7,6193478.3,-342.4,0,25753,0,46188,,,False,False,True,SYNC_UNCERTAIN,-194.2,1627.265625,6193.4783
de_dust2,104432,weapon_ak47,2.9,2.1,0.3,1,True,True,False,1.0,False,False,False,215.0,73.1,0.013,70.2,True,True,6198305.1,6197959.8,-345.3,0,65535,0,65535,,,False,False,True,SYNC_UNCERTAIN,-196.3,1631.75,6197.9598
de_dust2,108461,weapon_awp,8.1,1.4,24.3,1,True,True,False,0.0,False,False,False,200.0,68.0,0.04,59.9,,False,6261258.2,6260879.0,-379.2,65535,65535,0,0,,,False,True,True,SYNC_UNCERTAIN,-218.3,1694.703125,6260.879
de_dust2,109293,weapon_awp,0.0,0.0,48.6,1,True,True,False,0.0,False,False,False,200.0,68.0,0.0,68.0,,False,6274258.2,6273883.4,-374.8,65535,65535,0,0,,,False,True,True,SYNC_UNCERTAIN,-211.5,1707.703125,6273.883400000001
de_dust2,119692,weapon_tec9,0.0,0.0,0.1,1,True,True,False,0.0,False,False,False,240.0,81.6,0.0,81.6,,False,6436742.6,6436770.1,27.5,65535,0,0,0,,,True,True,False,FORWARD_BACK,221.5,1870.1875,6436.7701
de_dust2,119701,weapon_tec9,0.0,0.0,21.1,1,True,False,False,0.0,False,False,False,240.0,81.6,0.0,81.6,,False,6436883.2,6436883.9,0.7,65535,0,0,0,,,True,True,False,FORWARD_BACK,194.7,1870.328125,6436.883900000001
de_dust2,119709,weapon_tec9,18.4,1.8,62.4,1,True,False,False,0.0,False,False,False,240.0,81.6,0.077,63.2,,False,6437008.2,6436883.9,-124.3,65535,0,0,0,,,False,True,False,SYNC_UNCERTAIN,69.7,1870.453125,6436.883900000001
de_dust2,119716,weapon_tec9,115.5,103.3,107.7,1,True,False,False,0.0,False,False,False,240.0,81.6,0.481,-33.9,,False,6437117.6,6436883.9,-233.7,65535,65535,0,0,,,False,True,True,SYNC_UNCERTAIN,-39.6,1870.5625,6436.883900000001
de_dust2,119724,weapon_tec9,183.5,177.4,164.6,1,True,False,False,0.0,False,False,False,240.0,81.6,0.765,-101.9,,False,6437242.6,6436883.9,-358.7,65535,65535,0,0,,,False,True,True,SYNC_UNCERTAIN,-164.6,1870.6875,6436.883900000001
de_dust2,119732,weapon_tec9,217.9,214.7,206.0,1,True,False,False,0.0,False,False,False,240.0,81.6,0.908,-136.3,,False,6437367.6,,,65535,65535,0,0,,,False,True,True,SYNC_UNCERTAIN,,1870.8125,
de_dust2,120031,weapon_ak47,70.8,71.4,45.0,1,True,True,False,1.0,False,False,False,215.0,73.1,0.329,2.3,True,True,6442039.5,,,0,65535,8712,65535,0.0,3.0,False,True,True,SYNC_UNCERTAIN,,1875.484375,
de_dust2,122465,weapon_galilar,25.8,42.3,11.7,1,True,True,False,0.0,False,False,False,215.0,73.1,0.12,47.3,True,True,6480070.7,6480051.3,-19.4,0,65535,0,65535,,,True,False,True,RELEASE_NO_COUNTER,182.8,1913.515625,6480.0513
de_dust2,122477,weapon_galilar,0.0,0.0,5.4,1,True,False,False,0.0,False,False,False,215.0,73.1,0.0,73.1,True,True,6480258.2,6480219.3,-38.9,0,65535,0,65535,,,False,False,True,SYNC_UNCERTAIN,163.3,1913.703125,6480.2193
de_dust2,122494,weapon_galilar,79.7,67.7,21.8,1,True,False,False,0.0,False,False,False,215.0,73.1,0.371,-6.6,False,True,6480523.8,6480388.4,-135.5,0,65535,0,15119,,,False,False,True,SYNC_UNCERTAIN,66.8,1913.96875,6480.388400000001
de_dust2,122505,weapon_galilar,0.3,1.0,22.4,1,True,False,False,0.0,False,False,False,215.0,73.1,0.001,72.8,True,True,6480695.7,6480853.6,157.9,0,65535,0,65535,,,False,False,True,SYNC_UNCERTAIN,360.2,1914.140625,6480.8535999999995
de_dust2,122516,weapon_galilar,0.0,0.0,36.1,1,True,False,False,0.0,False,False,False,215.0,73.1,0.0,73.1,True,True,6480867.6,6480853.6,-14.0,0,65535,0,65535,,,True,False,True,RELEASE_NO_COUNTER,188.3,1914.3125,6480.8535999999995
de_dust2,122546,weapon_galilar,0.0,0.0,64.5,1,True,False,False,0.0,False,False,False,215.0,73.1,0.0,73.1,True,True,6481336.3,,,65535,65535,0,0,,,False,True,True,SYNC_UNCERTAIN,,1914.78125,
de_dust2,124460,weapon_galilar,26.1,40.0,47.5,1,True,True,False,0.0,False,False,False,215.0,73.1,0.121,47.0,True,True,6511242.6,,,0,0,0,65535,,,False,False,True,SYNC_UNCERTAIN,,1944.6875,
